algorithm,graph,timeout,seed,k,epsilon,imbalance,totalPartitionTime,objective,km1,cut,failed
PaToH-S,144.hgr,no,1,2,0.03,0.0118206170176,1.259,km1,1701,1701,no
PaToH-S,144.hgr,no,2,2,0.03,0.00943973998366,1.201,km1,1701,1701,no
PaToH-S,144.hgr,no,3,2,0.03,0,1.192,km1,1710,1710,no
PaToH-S,144.hgr,no,4,2,0.03,0.00782952994898,1.193,km1,1667,1667,no
PaToH-S,144.hgr,no,5,2,0.03,0.0185816376488,1.193,km1,1630,1630,no
PaToH-S,144.hgr,no,1,4,0.03,0,2.095,km1,4910,4910,no
PaToH-S,144.hgr,no,2,4,0.03,0,2.102,km1,4577,4577,no
PaToH-S,144.hgr,no,3,4,0.03,0,2.093,km1,4813,4813,no
PaToH-S,144.hgr,no,4,4,0.03,0,2.112,km1,4952,4952,no
PaToH-S,144.hgr,no,5,4,0.03,0.00235294993652,2.087,km1,4731,4731,no
PaToH-S,144.hgr,no,1,8,0.03,0,2.868,km1,8150,8150,no
PaToH-S,144.hgr,no,2,8,0.03,0,2.833,km1,8093,8093,no
PaToH-S,144.hgr,no,3,8,0.03,0,2.857,km1,8260,8260,no
PaToH-S,144.hgr,no,4,8,0.03,0,2.829,km1,8005,8005,no
PaToH-S,144.hgr,no,5,8,0.03,0,2.903,km1,8244,8244,no
PaToH-S,144.hgr,no,1,16,0.03,0,3.518,km1,11990,11990,no
PaToH-S,144.hgr,no,2,16,0.03,0,3.543,km1,12401,12401,no
PaToH-S,144.hgr,no,3,16,0.03,0,3.491,km1,12131,12131,no
PaToH-S,144.hgr,no,4,16,0.03,0,3.536,km1,12243,12243,no
PaToH-S,144.hgr,no,5,16,0.03,0,3.544,km1,12025,12025,no
PaToH-S,144.hgr,no,1,32,0.03,0,4.138,km1,18810,18810,no
PaToH-S,144.hgr,no,2,32,0.03,0,4.114,km1,18471,18471,no
PaToH-S,144.hgr,no,3,32,0.03,0,4.126,km1,18138,18138,no
PaToH-S,144.hgr,no,4,32,0.03,0,4.104,km1,18863,18863,no
PaToH-S,144.hgr,no,5,32,0.03,0,4.121,km1,18443,18443,no
PaToH-S,144.hgr,no,1,64,0.03,0,4.676,km1,26293,26293,no
PaToH-S,144.hgr,no,2,64,0.03,0,4.693,km1,26218,26218,no
PaToH-S,144.hgr,no,3,64,0.03,0,4.669,km1,25945,25945,no
PaToH-S,144.hgr,no,4,64,0.03,0,4.65,km1,26202,26202,no
PaToH-S,144.hgr,no,5,64,0.03,0,4.676,km1,26381,26381,no
PaToH-S,144.hgr,no,1,128,0.03,0,5.212,km1,36118,36118,no
PaToH-S,144.hgr,no,2,128,0.03,0,5.2,km1,36430,36430,no
PaToH-S,144.hgr,no,3,128,0.03,0,5.176,km1,36377,36377,no
PaToH-S,144.hgr,no,4,128,0.03,0,5.182,km1,35916,35916,no
PaToH-S,144.hgr,no,5,128,0.03,0,5.244,km1,36448,36448,no
PaToH-S,3elt.hgr,no,1,2,0.03,0,0.005,km1,45,45,no
PaToH-S,3elt.hgr,no,2,2,0.03,0,0.005,km1,47,47,no
PaToH-S,3elt.hgr,no,3,2,0.03,0,0.005,km1,76,76,no
PaToH-S,3elt.hgr,no,4,2,0.03,0,0.005,km1,47,47,no
PaToH-S,3elt.hgr,no,5,2,0.03,0,0.005,km1,70,70,no
PaToH-S,3elt.hgr,no,1,4,0.03,0,0.01,km1,110,110,no
PaToH-S,3elt.hgr,no,2,4,0.03,0,0.01,km1,122,122,no
PaToH-S,3elt.hgr,no,3,4,0.03,0.00116584086272,0.01,km1,135,135,no
PaToH-S,3elt.hgr,no,4,4,0.03,0,0.011,km1,119,119,no
PaToH-S,3elt.hgr,no,5,4,0.03,0,0.01,km1,134,134,no
PaToH-S,3elt.hgr,no,1,8,0.03,0,0.016,km1,201,201,no
PaToH-S,3elt.hgr,no,2,8,0.03,0,0.015,km1,203,203,no
PaToH-S,3elt.hgr,no,3,8,0.03,0.0034965034965,0.015,km1,199,199,no
PaToH-S,3elt.hgr,no,4,8,0.03,0,0.015,km1,213,213,no
PaToH-S,3elt.hgr,no,5,8,0.03,0.00524475524476,0.016,km1,223,223,no
PaToH-S,3elt.hgr,no,1,16,0.03,0,0.021,km1,354,354,no
PaToH-S,3elt.hgr,no,2,16,0.03,0,0.02,km1,358,358,no
PaToH-S,3elt.hgr,no,3,16,0.03,0,0.021,km1,360,360,no
PaToH-S,3elt.hgr,no,4,16,0.03,0,0.021,km1,361,361,no
PaToH-S,3elt.hgr,no,5,16,0.03,0,0.021,km1,372,372,no
PaToH-S,3elt.hgr,no,1,32,0.03,0,0.027,km1,597,597,no
PaToH-S,3elt.hgr,no,2,32,0.03,0,0.029,km1,611,611,no
PaToH-S,3elt.hgr,no,3,32,0.03,0,0.027,km1,628,628,no
PaToH-S,3elt.hgr,no,4,32,0.03,0,0.028,km1,581,581,no
PaToH-S,3elt.hgr,no,5,32,0.03,0,0.027,km1,606,606,no
PaToH-S,3elt.hgr,no,1,64,0.03,0,0.034,km1,988,988,no
PaToH-S,3elt.hgr,no,2,64,0.03,0,0.033,km1,1003,1003,no
PaToH-S,3elt.hgr,no,3,64,0.03,0,0.034,km1,980,980,no
PaToH-S,3elt.hgr,no,4,64,0.03,0,0.033,km1,1007,1007,no
PaToH-S,3elt.hgr,no,5,64,0.03,0,0.034,km1,970,970,no
PaToH-S,3elt.hgr,no,1,128,0.03,0,0.041,km1,1532,1532,no
PaToH-S,3elt.hgr,no,2,128,0.03,0,0.042,km1,1519,1519,no
PaToH-S,3elt.hgr,no,3,128,0.03,0,0.041,km1,1526,1526,no
PaToH-S,3elt.hgr,no,4,128,0.03,0,0.041,km1,1559,1559,no
PaToH-S,3elt.hgr,no,5,128,0.03,0,0.044,km1,1531,1531,no
PaToH-S,4elt.hgr,no,1,2,0.03,0,0.017,km1,74,74,no
PaToH-S,4elt.hgr,no,2,2,0.03,0,0.017,km1,73,73,no
PaToH-S,4elt.hgr,no,3,2,0.03,0,0.017,km1,101,101,no
PaToH-S,4elt.hgr,no,4,2,0.03,0.012990976067,0.017,km1,71,71,no
PaToH-S,4elt.hgr,no,5,2,0.03,0,0.017,km1,81,81,no
PaToH-S,4elt.hgr,no,1,4,0.03,0,0.032,km1,194,194,no
PaToH-S,4elt.hgr,no,2,4,0.03,0,0.032,km1,193,193,no
PaToH-S,4elt.hgr,no,3,4,0.03,0.00714908456844,0.032,km1,214,214,no
PaToH-S,4elt.hgr,no,4,4,0.03,0,0.032,km1,177,177,no
PaToH-S,4elt.hgr,no,5,4,0.03,0.00340017436792,0.032,km1,185,185,no
PaToH-S,4elt.hgr,no,1,8,0.03,0,0.047,km1,373,373,no
PaToH-S,4elt.hgr,no,2,8,0.03,0,0.046,km1,307,307,no
PaToH-S,4elt.hgr,no,3,8,0.03,0,0.046,km1,364,364,no
PaToH-S,4elt.hgr,no,4,8,0.03,0,0.047,km1,375,375,no
PaToH-S,4elt.hgr,no,5,8,0.03,0.00261551874455,0.047,km1,333,333,no
PaToH-S,4elt.hgr,no,1,16,0.03,0,0.063,km1,584,584,no
PaToH-S,4elt.hgr,no,2,16,0.03,0,0.062,km1,580,580,no
PaToH-S,4elt.hgr,no,3,16,0.03,0.00278940027894,0.062,km1,584,584,no
PaToH-S,4elt.hgr,no,4,16,0.03,0,0.062,km1,589,589,no
PaToH-S,4elt.hgr,no,5,16,0.03,0,0.063,km1,549,549,no
PaToH-S,4elt.hgr,no,1,32,0.03,0.00139470013947,0.08,km1,965,965,no
PaToH-S,4elt.hgr,no,2,32,0.03,0,0.08,km1,998,998,no
PaToH-S,4elt.hgr,no,3,32,0.03,0,0.08,km1,968,968,no
PaToH-S,4elt.hgr,no,4,32,0.03,0,0.081,km1,978,978,no
PaToH-S,4elt.hgr,no,5,32,0.03,0.00139470013947,0.081,km1,936,936,no
PaToH-S,4elt.hgr,no,1,64,0.03,0,0.1,km1,1541,1541,no
PaToH-S,4elt.hgr,no,2,64,0.03,0.00139470013947,0.1,km1,1605,1605,no
PaToH-S,4elt.hgr,no,3,64,0.03,0,0.1,km1,1568,1568,no
PaToH-S,4elt.hgr,no,4,64,0.03,0,0.101,km1,1636,1636,no
PaToH-S,4elt.hgr,no,5,64,0.03,0.00139470013947,0.099,km1,1586,1586,no
PaToH-S,4elt.hgr,no,1,128,0.03,0.00278551532033,0.123,km1,2504,2504,no
PaToH-S,4elt.hgr,no,2,128,0.03,0,0.121,km1,2537,2537,no
PaToH-S,4elt.hgr,no,3,128,0.03,0,0.122,km1,2553,2553,no
PaToH-S,4elt.hgr,no,4,128,0.03,0.00278551532033,0.122,km1,2510,2510,no
PaToH-S,4elt.hgr,no,5,128,0.03,0.00278551532033,0.122,km1,2504,2504,no
PaToH-S,598a.hgr,no,1,2,0.03,0,0.843,km1,1357,1357,no
PaToH-S,598a.hgr,no,2,2,0.03,0.0154892483698,0.827,km1,678,678,no
PaToH-S,598a.hgr,no,3,2,0.03,0.0137667231856,0.814,km1,666,666,no
PaToH-S,598a.hgr,no,4,2,0.03,0.00673644825551,0.813,km1,650,650,no
PaToH-S,598a.hgr,no,5,2,0.03,0.00870158262056,0.814,km1,641,641,no
PaToH-S,598a.hgr,no,1,4,0.03,0,1.425,km1,2625,2625,no
PaToH-S,598a.hgr,no,2,4,0.03,0,1.411,km1,2406,2406,no
PaToH-S,598a.hgr,no,3,4,0.03,0,1.431,km1,2496,2496,no
PaToH-S,598a.hgr,no,4,4,0.03,0.00153652067025,1.403,km1,2452,2452,no
PaToH-S,598a.hgr,no,5,4,0.03,0.00153652067025,1.426,km1,2405,2405,no
PaToH-S,598a.hgr,no,1,8,0.03,0,1.919,km1,5468,5468,no
PaToH-S,598a.hgr,no,2,8,0.03,0,1.947,km1,5029,5029,no
PaToH-S,598a.hgr,no,3,8,0.03,0,1.922,km1,5619,5619,no
PaToH-S,598a.hgr,no,4,8,0.03,0.001218433935,1.941,km1,5194,5194,no
PaToH-S,598a.hgr,no,5,8,0.03,0,1.924,km1,5210,5210,no
PaToH-S,598a.hgr,no,1,16,0.03,0,2.389,km1,9105,9105,no
PaToH-S,598a.hgr,no,2,16,0.03,0,2.371,km1,9406,9406,no
PaToH-S,598a.hgr,no,3,16,0.03,0,2.388,km1,8808,8808,no
PaToH-S,598a.hgr,no,4,16,0.03,0,2.368,km1,8881,8881,no
PaToH-S,598a.hgr,no,5,16,0.03,0,2.386,km1,8694,8694,no
PaToH-S,598a.hgr,no,1,32,0.03,0,2.771,km1,13542,13542,no
PaToH-S,598a.hgr,no,2,32,0.03,0,2.78,km1,13333,13333,no
PaToH-S,598a.hgr,no,3,32,0.03,0,2.743,km1,13306,13306,no
PaToH-S,598a.hgr,no,4,32,0.03,0,2.782,km1,13797,13797,no
PaToH-S,598a.hgr,no,5,32,0.03,0,2.743,km1,13454,13454,no
PaToH-S,598a.hgr,no,1,64,0.03,0,3.154,km1,20535,20535,no
PaToH-S,598a.hgr,no,2,64,0.03,0,3.125,km1,19812,19812,no
PaToH-S,598a.hgr,no,3,64,0.03,0,3.178,km1,19972,19972,no
PaToH-S,598a.hgr,no,4,64,0.03,0,3.168,km1,19595,19595,no
PaToH-S,598a.hgr,no,5,64,0.03,0,3.233,km1,19784,19784,no
PaToH-S,598a.hgr,no,1,128,0.03,0,3.648,km1,27927,27927,no
PaToH-S,598a.hgr,no,2,128,0.03,0,3.502,km1,27942,27942,no
PaToH-S,598a.hgr,no,3,128,0.03,0,3.529,km1,28286,28286,no
PaToH-S,598a.hgr,no,4,128,0.03,0,3.501,km1,27997,27997,no
PaToH-S,598a.hgr,no,5,128,0.03,0,3.496,km1,28167,28167,no
PaToH-S,add20.hgr,no,1,2,0.03,0,0.005,km1,40,40,no
PaToH-S,add20.hgr,no,2,2,0.03,0,0.005,km1,41,41,no
PaToH-S,add20.hgr,no,3,2,0.03,0,0.005,km1,38,38,no
PaToH-S,add20.hgr,no,4,2,0.03,0,0.005,km1,44,44,no
PaToH-S,add20.hgr,no,5,2,0.03,0,0.005,km1,33,33,no
PaToH-S,add20.hgr,no,1,4,0.03,0,0.009,km1,129,129,no
PaToH-S,add20.hgr,no,2,4,0.03,0,0.01,km1,123,123,no
PaToH-S,add20.hgr,no,3,4,0.03,0,0.009,km1,128,128,no
PaToH-S,add20.hgr,no,4,4,0.03,0,0.009,km1,114,114,no
PaToH-S,add20.hgr,no,5,4,0.03,0,0.01,km1,127,127,no
PaToH-S,add20.hgr,no,1,8,0.03,0,0.014,km1,235,235,no
PaToH-S,add20.hgr,no,2,8,0.03,0,0.014,km1,227,227,no
PaToH-S,add20.hgr,no,3,8,0.03,0,0.014,km1,230,230,no
PaToH-S,add20.hgr,no,4,8,0.03,0,0.014,km1,222,222,no
PaToH-S,add20.hgr,no,5,8,0.03,0,0.013,km1,233,233,no
PaToH-S,add20.hgr,no,1,16,0.03,0,0.018,km1,404,404,no
PaToH-S,add20.hgr,no,2,16,0.03,0,0.018,km1,415,415,no
PaToH-S,add20.hgr,no,3,16,0.03,0,0.018,km1,420,420,no
PaToH-S,add20.hgr,no,4,16,0.03,0,0.018,km1,453,453,no
PaToH-S,add20.hgr,no,5,16,0.03,0,0.018,km1,412,412,no
PaToH-S,add20.hgr,no,1,32,0.03,0,0.022,km1,704,704,no
PaToH-S,add20.hgr,no,2,32,0.03,0,0.022,km1,723,723,no
PaToH-S,add20.hgr,no,3,32,0.03,0,0.022,km1,726,726,no
PaToH-S,add20.hgr,no,4,32,0.03,0,0.022,km1,702,702,no
PaToH-S,add20.hgr,no,5,32,0.03,0,0.022,km1,719,719,no
PaToH-S,add20.hgr,no,1,64,0.03,0,0.028,km1,1069,1069,no
PaToH-S,add20.hgr,no,2,64,0.03,0,0.027,km1,1082,1082,no
PaToH-S,add20.hgr,no,3,64,0.03,0,0.027,km1,1076,1076,no
PaToH-S,add20.hgr,no,4,64,0.03,0,0.027,km1,1093,1093,no
PaToH-S,add20.hgr,no,5,64,0.03,0,0.027,km1,1098,1098,no
PaToH-S,add20.hgr,no,1,128,0.03,0,0.032,km1,1544,1544,no
PaToH-S,add20.hgr,no,2,128,0.03,0,0.033,km1,1533,1533,no
PaToH-S,add20.hgr,no,3,128,0.03,0,0.033,km1,1532,1532,no
PaToH-S,add20.hgr,no,4,128,0.03,0,0.033,km1,1532,1532,no
PaToH-S,add20.hgr,no,5,128,0.03,0,0.033,km1,1548,1548,no
PaToH-S,add32.hgr,no,1,2,0.03,0.0192348340731,0.003,km1,4,4,no
PaToH-S,add32.hgr,no,2,2,0.03,0.000211371803001,0.003,km1,2,2,no
PaToH-S,add32.hgr,no,3,2,0.03,0.000211371803001,0.003,km1,3,3,no
PaToH-S,add32.hgr,no,4,2,0.03,0.000211371803001,0.003,km1,2,2,no
PaToH-S,add32.hgr,no,5,2,0.03,0.00317057704502,0.003,km1,3,3,no
PaToH-S,add32.hgr,no,1,4,0.03,0.0050718512257,0.006,km1,12,12,no
PaToH-S,add32.hgr,no,2,4,0.03,0.00338123415046,0.006,km1,9,9,no
PaToH-S,add32.hgr,no,3,4,0.03,0.00845308537616,0.006,km1,14,14,no
PaToH-S,add32.hgr,no,4,4,0.03,0.00549450549451,0.007,km1,10,10,no
PaToH-S,add32.hgr,no,5,4,0.03,0.00295857988166,0.006,km1,12,12,no
PaToH-S,add32.hgr,no,1,8,0.03,0.00422654268808,0.01,km1,28,28,no
PaToH-S,add32.hgr,no,2,8,0.03,0.00676246830093,0.009,km1,23,23,no
PaToH-S,add32.hgr,no,3,8,0.03,0.00591715976331,0.01,km1,29,29,no
PaToH-S,add32.hgr,no,4,8,0.03,0.0050718512257,0.01,km1,29,29,no
PaToH-S,add32.hgr,no,5,8,0.03,0.00422654268808,0.01,km1,23,23,no
PaToH-S,add32.hgr,no,1,16,0.03,0.00506756756757,0.013,km1,65,65,no
PaToH-S,add32.hgr,no,2,16,0.03,0.00675675675676,0.013,km1,51,51,no
PaToH-S,add32.hgr,no,3,16,0.03,0.0101351351351,0.014,km1,57,57,no
PaToH-S,add32.hgr,no,4,16,0.03,0.00506756756757,0.013,km1,63,63,no
PaToH-S,add32.hgr,no,5,16,0.03,0.00506756756757,0.013,km1,65,65,no
PaToH-S,add32.hgr,no,1,32,0.03,0.00675675675676,0.019,km1,128,128,no
PaToH-S,add32.hgr,no,2,32,0.03,0.00675675675676,0.018,km1,105,105,no
PaToH-S,add32.hgr,no,3,32,0.03,0.00675675675676,0.018,km1,121,121,no
PaToH-S,add32.hgr,no,4,32,0.03,0.0101351351351,0.018,km1,111,111,no
PaToH-S,add32.hgr,no,5,32,0.03,0.00675675675676,0.018,km1,113,113,no
PaToH-S,add32.hgr,no,1,64,0.03,0.00675675675676,0.022,km1,260,260,no
PaToH-S,add32.hgr,no,2,64,0.03,0.00675675675676,0.023,km1,273,273,no
PaToH-S,add32.hgr,no,3,64,0.03,0.00675675675676,0.022,km1,253,253,no
PaToH-S,add32.hgr,no,4,64,0.03,0.00675675675676,0.022,km1,269,269,no
PaToH-S,add32.hgr,no,5,64,0.03,0.00675675675676,0.022,km1,248,248,no
PaToH-S,add32.hgr,no,1,128,0.03,0.0135135135135,0.029,km1,505,505,no
PaToH-S,add32.hgr,no,2,128,0.03,0.0135135135135,0.028,km1,514,514,no
PaToH-S,add32.hgr,no,3,128,0.03,0.0135135135135,0.031,km1,495,495,no
PaToH-S,add32.hgr,no,4,128,0.03,0.0135135135135,0.029,km1,494,494,no
PaToH-S,add32.hgr,no,5,128,0.03,0.0135135135135,0.029,km1,480,480,no
PaToH-S,auto.hgr,no,1,2,0.03,0.0170053086153,5.919,km1,2513,2513,no
PaToH-S,auto.hgr,no,2,2,0.03,0.0134163515971,5.961,km1,2477,2477,no
PaToH-S,auto.hgr,no,3,2,0.03,0.016426055297,6.369,km1,2622,2622,no
PaToH-S,auto.hgr,no,4,2,0.03,0.0193965387201,5.891,km1,2549,2549,no
PaToH-S,auto.hgr,no,5,2,0.03,0.0183375912475,5.908,km1,2510,2510,no
PaToH-S,auto.hgr,no,1,4,0.03,0.00608819373127,10.298,km1,7372,7372,no
PaToH-S,auto.hgr,no,2,4,0.03,0.00994988252019,10.294,km1,7650,7650,no
PaToH-S,auto.hgr,no,3,4,0.03,0.0096674965275,10.321,km1,7468,7468,no
PaToH-S,auto.hgr,no,4,4,0.03,0.00980024207962,10.631,km1,7975,7975,no
PaToH-S,auto.hgr,no,5,4,0.03,0.00454351821571,10.55,km1,8142,8142,no
PaToH-S,auto.hgr,no,1,8,0.03,0.00509018239217,13.317,km1,13184,13184,no
PaToH-S,auto.hgr,no,2,8,0.03,0.00323898756296,13.634,km1,14659,14659,no
PaToH-S,auto.hgr,no,3,8,0.03,0.00365894571196,13.385,km1,14953,14953,no
PaToH-S,auto.hgr,no,4,8,0.03,0.00513362633862,13.382,km1,14457,14457,no
PaToH-S,auto.hgr,no,5,8,0.03,0.00661554762301,13.504,km1,13030,13030,no
PaToH-S,auto.hgr,no,1,16,0.03,0.000347550732753,15.968,km1,24302,24302,no
PaToH-S,auto.hgr,no,2,16,0.03,0.00417543588654,15.894,km1,22918,22918,no
PaToH-S,auto.hgr,no,3,16,0.03,0.00139985711803,15.956,km1,24817,24817,no
PaToH-S,auto.hgr,no,4,16,0.03,0,16.099,km1,24072,24072,no
PaToH-S,auto.hgr,no,5,16,0.03,0.00250043443842,16.068,km1,25070,25070,no
PaToH-S,auto.hgr,no,1,32,0.03,0.000241354675523,18.342,km1,37598,37598,no
PaToH-S,auto.hgr,no,2,32,0.03,0,18.224,km1,38548,38548,no
PaToH-S,auto.hgr,no,3,32,0.03,0,18.354,km1,38806,38806,no
PaToH-S,auto.hgr,no,4,32,0.03,0,18.289,km1,39200,39200,no
PaToH-S,auto.hgr,no,5,32,0.03,0,18.202,km1,38032,38032,no
PaToH-S,auto.hgr,no,1,64,0.03,0,20.416,km1,56076,56076,no
PaToH-S,auto.hgr,no,2,64,0.03,3.86167480837e-05,20.182,km1,56757,56757,no
PaToH-S,auto.hgr,no,3,64,0.03,0.0010619605723,20.175,km1,56137,56137,no
PaToH-S,auto.hgr,no,4,64,0.03,0.00206599602247,19.992,km1,56539,56539,no
PaToH-S,auto.hgr,no,5,64,0.03,0.00216253789268,20.06,km1,56514,56514,no
PaToH-S,auto.hgr,no,1,128,0.03,0,22.1,km1,77948,77948,no
PaToH-S,auto.hgr,no,2,128,0.03,0,21.957,km1,79107,79107,no
PaToH-S,auto.hgr,no,3,128,0.03,0,22.134,km1,77816,77816,no
PaToH-S,auto.hgr,no,4,128,0.03,0.00139017608897,22.091,km1,79265,79265,no
PaToH-S,auto.hgr,no,5,128,0.03,0,22.302,km1,78841,78841,no
PaToH-S,bcsstk29.hgr,no,1,2,0.03,0,0.276,km1,315,315,no
PaToH-S,bcsstk29.hgr,no,2,2,0.03,0,0.27,km1,282,282,no
PaToH-S,bcsstk29.hgr,no,3,2,0.03,0,0.259,km1,332,332,no
PaToH-S,bcsstk29.hgr,no,4,2,0.03,0,0.265,km1,307,307,no
PaToH-S,bcsstk29.hgr,no,5,2,0.03,0.00420812028486,0.26,km1,305,305,no
PaToH-S,bcsstk29.hgr,no,1,4,0.03,0,0.489,km1,1129,1129,no
PaToH-S,bcsstk29.hgr,no,2,4,0.03,0,0.49,km1,1108,1108,no
PaToH-S,bcsstk29.hgr,no,3,4,0.03,0,0.489,km1,1113,1113,no
PaToH-S,bcsstk29.hgr,no,4,4,0.03,0,0.489,km1,1094,1094,no
PaToH-S,bcsstk29.hgr,no,5,4,0.03,0,0.487,km1,1113,1113,no
PaToH-S,bcsstk29.hgr,no,1,8,0.03,0,0.705,km1,2327,2327,no
PaToH-S,bcsstk29.hgr,no,2,8,0.03,0,0.703,km1,2405,2405,no
PaToH-S,bcsstk29.hgr,no,3,8,0.03,0,0.706,km1,2435,2435,no
PaToH-S,bcsstk29.hgr,no,4,8,0.03,0,0.705,km1,2369,2369,no
PaToH-S,bcsstk29.hgr,no,5,8,0.03,0,0.705,km1,2379,2379,no
PaToH-S,bcsstk29.hgr,no,1,16,0.03,0,0.914,km1,3705,3705,no
PaToH-S,bcsstk29.hgr,no,2,16,0.03,0,0.914,km1,3725,3725,no
PaToH-S,bcsstk29.hgr,no,3,16,0.03,0,0.914,km1,3823,3823,no
PaToH-S,bcsstk29.hgr,no,4,16,0.03,0,0.919,km1,3792,3792,no
PaToH-S,bcsstk29.hgr,no,5,16,0.03,0,0.913,km1,3826,3826,no
PaToH-S,bcsstk29.hgr,no,1,32,0.03,0,1.12,km1,6006,6006,no
PaToH-S,bcsstk29.hgr,no,2,32,0.03,0,1.118,km1,5736,5736,no
PaToH-S,bcsstk29.hgr,no,3,32,0.03,0,1.115,km1,5693,5693,no
PaToH-S,bcsstk29.hgr,no,4,32,0.03,0,1.119,km1,5984,5984,no
PaToH-S,bcsstk29.hgr,no,5,32,0.03,0,1.117,km1,5788,5788,no
PaToH-S,bcsstk29.hgr,no,1,64,0.03,0,1.32,km1,8765,8765,no
PaToH-S,bcsstk29.hgr,no,2,64,0.03,0,1.324,km1,8711,8711,no
PaToH-S,bcsstk29.hgr,no,3,64,0.03,0,1.322,km1,8672,8672,no
PaToH-S,bcsstk29.hgr,no,4,64,0.03,0,1.322,km1,8957,8957,no
PaToH-S,bcsstk29.hgr,no,5,64,0.03,0,1.326,km1,8860,8860,no
PaToH-S,bcsstk29.hgr,no,1,128,0.03,0,1.527,km1,13442,13442,no
PaToH-S,bcsstk29.hgr,no,2,128,0.03,0,1.524,km1,13631,13631,no
PaToH-S,bcsstk29.hgr,no,3,128,0.03,0,1.52,km1,13723,13723,no
PaToH-S,bcsstk29.hgr,no,4,128,0.03,0,1.523,km1,13485,13485,no
PaToH-S,bcsstk29.hgr,no,5,128,0.03,0,1.526,km1,13553,13553,no
PaToH-S,bcsstk30.hgr,no,1,2,0.03,0,0.805,km1,3848,3848,no
PaToH-S,bcsstk30.hgr,no,2,2,0.03,0.0199864189246,0.787,km1,2980,2980,no
PaToH-S,bcsstk30.hgr,no,3,2,0.03,0,0.787,km1,3872,3872,no
PaToH-S,bcsstk30.hgr,no,4,2,0.03,0.0198196337875,0.786,km1,3546,3546,no
PaToH-S,bcsstk30.hgr,no,5,2,0.03,0.0199407515656,0.79,km1,2840,2840,no
PaToH-S,bcsstk30.hgr,no,1,4,0.03,0.0024144134127,1.611,km1,5958,5958,no
PaToH-S,bcsstk30.hgr,no,2,4,0.03,0,1.599,km1,6536,6536,no
PaToH-S,bcsstk30.hgr,no,3,4,0.03,0.00252560350408,1.61,km1,6441,6441,no
PaToH-S,bcsstk30.hgr,no,4,4,0.03,0.00219203322995,1.64,km1,5274,5274,no
PaToH-S,bcsstk30.hgr,no,5,4,0.03,0.00254942995223,1.607,km1,5617,5617,no
PaToH-S,bcsstk30.hgr,no,1,8,0.03,0,2.495,km1,8377,8377,no
PaToH-S,bcsstk30.hgr,no,2,8,0.03,0,2.521,km1,8907,8907,no
PaToH-S,bcsstk30.hgr,no,3,8,0.03,0,2.547,km1,8112,8112,no
PaToH-S,bcsstk30.hgr,no,4,8,0.03,0,2.492,km1,8201,8201,no
PaToH-S,bcsstk30.hgr,no,5,8,0.03,0,2.545,km1,9065,9065,no
PaToH-S,bcsstk30.hgr,no,1,16,0.03,0,3.293,km1,10985,10985,no
PaToH-S,bcsstk30.hgr,no,2,16,0.03,0,3.345,km1,11743,11743,no
PaToH-S,bcsstk30.hgr,no,3,16,0.03,0,3.405,km1,11865,11865,no
PaToH-S,bcsstk30.hgr,no,4,16,0.03,0,3.45,km1,11555,11555,no
PaToH-S,bcsstk30.hgr,no,5,16,0.03,0,3.39,km1,11906,11906,no
PaToH-S,bcsstk30.hgr,no,1,32,0.03,0,4.121,km1,15616,15616,no
PaToH-S,bcsstk30.hgr,no,2,32,0.03,0,4.097,km1,15419,15419,no
PaToH-S,bcsstk30.hgr,no,3,32,0.03,0,4.203,km1,15827,15827,no
PaToH-S,bcsstk30.hgr,no,4,32,0.03,0,4.258,km1,15596,15596,no
PaToH-S,bcsstk30.hgr,no,5,32,0.03,0,4.185,km1,15427,15427,no
PaToH-S,bcsstk30.hgr,no,1,64,0.03,0,4.99,km1,21226,21226,no
PaToH-S,bcsstk30.hgr,no,2,64,0.03,0.00317682190736,5.044,km1,20883,20883,no
PaToH-S,bcsstk30.hgr,no,3,64,0.03,0,4.99,km1,21811,21811,no
PaToH-S,bcsstk30.hgr,no,4,64,0.03,0,5.086,km1,21070,21070,no
PaToH-S,bcsstk30.hgr,no,5,64,0.03,0,4.952,km1,20941,20941,no
PaToH-S,bcsstk30.hgr,no,1,128,0.03,0,5.783,km1,30226,30226,no
PaToH-S,bcsstk30.hgr,no,2,128,0.03,0,5.771,km1,29664,29664,no
PaToH-S,bcsstk30.hgr,no,3,128,0.03,0,5.775,km1,29942,29942,no
PaToH-S,bcsstk30.hgr,no,4,128,0.03,0,5.896,km1,29469,29469,no
PaToH-S,bcsstk30.hgr,no,5,128,0.03,0,5.72,km1,30456,30456,no
PaToH-S,bcsstk31.hgr,no,1,2,0.03,0.0187951420283,0.537,km1,517,517,no
PaToH-S,bcsstk31.hgr,no,2,2,0.03,0.0190115793994,0.515,km1,459,459,no
PaToH-S,bcsstk31.hgr,no,3,2,0.03,0.0166237864671,0.52,km1,539,539,no
PaToH-S,bcsstk31.hgr,no,4,2,0.03,0,0.517,km1,443,443,no
PaToH-S,bcsstk31.hgr,no,5,2,0.03,0.0128431143243,0.514,km1,432,432,no
PaToH-S,bcsstk31.hgr,no,1,4,0.03,0.00168960196608,0.956,km1,1406,1406,no
PaToH-S,bcsstk31.hgr,no,2,4,0.03,0.00120087412465,0.956,km1,1381,1381,no
PaToH-S,bcsstk31.hgr,no,3,4,0.03,0.00696786265351,0.952,km1,1394,1394,no
PaToH-S,bcsstk31.hgr,no,4,4,0.03,0,0.956,km1,1369,1369,no
PaToH-S,bcsstk31.hgr,no,5,4,0.03,0.00400756829972,0.953,km1,1505,1505,no
PaToH-S,bcsstk31.hgr,no,1,8,0.03,0,1.359,km1,2472,2472,no
PaToH-S,bcsstk31.hgr,no,2,8,0.03,0,1.359,km1,2684,2684,no
PaToH-S,bcsstk31.hgr,no,3,8,0.03,0.000460797318997,1.35,km1,2285,2285,no
PaToH-S,bcsstk31.hgr,no,4,8,0.03,0,1.36,km1,2814,2814,no
PaToH-S,bcsstk31.hgr,no,5,8,0.03,0,1.364,km1,2368,2368,no
PaToH-S,bcsstk31.hgr,no,1,16,0.03,0,1.744,km1,4773,4773,no
PaToH-S,bcsstk31.hgr,no,2,16,0.03,0,1.74,km1,4717,4717,no
PaToH-S,bcsstk31.hgr,no,3,16,0.03,0,1.739,km1,4742,4742,no
PaToH-S,bcsstk31.hgr,no,4,16,0.03,0,1.742,km1,4493,4493,no
PaToH-S,bcsstk31.hgr,no,5,16,0.03,0,1.745,km1,4743,4743,no
PaToH-S,bcsstk31.hgr,no,1,32,0.03,0,2.122,km1,7770,7770,no
PaToH-S,bcsstk31.hgr,no,2,32,0.03,0,2.13,km1,7685,7685,no
PaToH-S,bcsstk31.hgr,no,3,32,0.03,0,2.125,km1,7582,7582,no
PaToH-S,bcsstk31.hgr,no,4,32,0.03,0,2.13,km1,7785,7785,no
PaToH-S,bcsstk31.hgr,no,5,32,0.03,0,2.127,km1,7418,7418,no
PaToH-S,bcsstk31.hgr,no,1,64,0.03,0,2.483,km1,11612,11612,no
PaToH-S,bcsstk31.hgr,no,2,64,0.03,0,2.494,km1,11205,11205,no
PaToH-S,bcsstk31.hgr,no,3,64,0.03,0,2.474,km1,11397,11397,no
PaToH-S,bcsstk31.hgr,no,4,64,0.03,0,2.487,km1,11520,11520,no
PaToH-S,bcsstk31.hgr,no,5,64,0.03,0,2.488,km1,11554,11554,no
PaToH-S,bcsstk31.hgr,no,1,128,0.03,0,2.841,km1,17409,17409,no
PaToH-S,bcsstk31.hgr,no,2,128,0.03,0,2.844,km1,17372,17372,no
PaToH-S,bcsstk31.hgr,no,3,128,0.03,0.00134048257373,2.833,km1,17130,17130,no
PaToH-S,bcsstk31.hgr,no,4,128,0.03,0,2.842,km1,17306,17306,no
PaToH-S,bcsstk31.hgr,no,5,128,0.03,0,2.845,km1,17179,17179,no
PaToH-S,bcsstk32.hgr,no,1,2,0.03,0.000408102768805,0.945,km1,570,570,no
PaToH-S,bcsstk32.hgr,no,2,2,0.03,0.0191686479616,0.949,km1,664,664,no
PaToH-S,bcsstk32.hgr,no,3,2,0.03,0.0108746190533,0.974,km1,513,513,no
PaToH-S,bcsstk32.hgr,no,4,2,0.03,0.00987974165673,0.944,km1,540,540,no
PaToH-S,bcsstk32.hgr,no,5,2,0.03,0.0195178702314,0.948,km1,680,680,no
PaToH-S,bcsstk32.hgr,no,1,4,0.03,0.0121009331525,1.747,km1,1077,1077,no
PaToH-S,bcsstk32.hgr,no,2,4,0.03,0.0152479879153,1.745,km1,1348,1348,no
PaToH-S,bcsstk32.hgr,no,3,4,0.03,0.00802397446622,1.763,km1,1218,1218,no
PaToH-S,bcsstk32.hgr,no,4,4,0.03,0.00773160292696,1.777,km1,1207,1207,no
PaToH-S,bcsstk32.hgr,no,5,4,0.03,0.00954268218402,1.773,km1,1307,1307,no
PaToH-S,bcsstk32.hgr,no,1,8,0.03,0.0125800976196,2.543,km1,2269,2269,no
PaToH-S,bcsstk32.hgr,no,2,8,0.03,0.00990002517644,2.531,km1,2267,2267,no
PaToH-S,bcsstk32.hgr,no,3,8,0.03,0.00454800172174,2.55,km1,2364,2364,no
PaToH-S,bcsstk32.hgr,no,4,8,0.03,0.00399574436982,2.549,km1,2433,2433,no
PaToH-S,bcsstk32.hgr,no,5,8,0.03,0.00836507459535,2.564,km1,2410,2410,no
PaToH-S,bcsstk32.hgr,no,1,16,0.03,0.011483611084,3.253,km1,4037,4037,no
PaToH-S,bcsstk32.hgr,no,2,16,0.03,0.00415813923269,3.249,km1,4127,4127,no
PaToH-S,bcsstk32.hgr,no,3,16,0.03,0.00305363349901,3.277,km1,4359,4359,no
PaToH-S,bcsstk32.hgr,no,4,16,0.03,0.00324854627554,3.27,km1,4137,4137,no
PaToH-S,bcsstk32.hgr,no,5,16,0.03,0.00120196212195,3.262,km1,4048,4048,no
PaToH-S,bcsstk32.hgr,no,1,32,0.03,0.00883604586947,3.926,km1,7080,7080,no
PaToH-S,bcsstk32.hgr,no,2,32,0.03,0.000389825553065,3.943,km1,7155,7155,no
PaToH-S,bcsstk32.hgr,no,3,32,0.03,0.00419062469545,3.961,km1,7247,7247,no
PaToH-S,bcsstk32.hgr,no,4,32,0.03,0.000942078419907,3.957,km1,7178,7178,no
PaToH-S,bcsstk32.hgr,no,5,32,0.03,0.00363837182861,3.962,km1,7050,7050,no
PaToH-S,bcsstk32.hgr,no,1,64,0.03,0.0070816008316,4.623,km1,11790,11790,no
PaToH-S,bcsstk32.hgr,no,2,64,0.03,0.00194906444906,4.583,km1,11703,11703,no
PaToH-S,bcsstk32.hgr,no,3,64,0.03,0,4.611,km1,12308,12308,no
PaToH-S,bcsstk32.hgr,no,4,64,0.03,0,4.603,km1,12000,12000,no
PaToH-S,bcsstk32.hgr,no,5,64,0.03,0,4.624,km1,11867,11867,no
PaToH-S,bcsstk32.hgr,no,1,128,0.03,0.004158004158,5.254,km1,18897,18897,no
PaToH-S,bcsstk32.hgr,no,2,128,0.03,0,5.261,km1,18942,18942,no
PaToH-S,bcsstk32.hgr,no,3,128,0.03,0,5.271,km1,18913,18913,no
PaToH-S,bcsstk32.hgr,no,4,128,0.03,0,5.275,km1,19043,19043,no
PaToH-S,bcsstk32.hgr,no,5,128,0.03,0.0010395010395,5.275,km1,18873,18873,no
PaToH-S,bcsstk33.hgr,no,1,2,0.03,0,0.326,km1,828,828,no
PaToH-S,bcsstk33.hgr,no,2,2,0.03,0,0.326,km1,803,803,no
PaToH-S,bcsstk33.hgr,no,3,2,0.03,0,0.324,km1,770,770,no
PaToH-S,bcsstk33.hgr,no,4,2,0.03,0,0.324,km1,816,816,no
PaToH-S,bcsstk33.hgr,no,5,2,0.03,0,0.323,km1,799,799,no
PaToH-S,bcsstk33.hgr,no,1,4,0.03,0,0.613,km1,2036,2036,no
PaToH-S,bcsstk33.hgr,no,2,4,0.03,0,0.612,km1,1886,1886,no
PaToH-S,bcsstk33.hgr,no,3,4,0.03,0,0.609,km1,1886,1886,no
PaToH-S,bcsstk33.hgr,no,4,4,0.03,0,0.607,km1,1950,1950,no
PaToH-S,bcsstk33.hgr,no,5,4,0.03,0,0.611,km1,1905,1905,no
PaToH-S,bcsstk33.hgr,no,1,8,0.03,0,0.877,km1,3710,3710,no
PaToH-S,bcsstk33.hgr,no,2,8,0.03,0,0.878,km1,3641,3641,no
PaToH-S,bcsstk33.hgr,no,3,8,0.03,0,0.874,km1,3620,3620,no
PaToH-S,bcsstk33.hgr,no,4,8,0.03,0,0.876,km1,3672,3672,no
PaToH-S,bcsstk33.hgr,no,5,8,0.03,0,0.878,km1,3693,3693,no
PaToH-S,bcsstk33.hgr,no,1,16,0.03,0,1.132,km1,6509,6509,no
PaToH-S,bcsstk33.hgr,no,2,16,0.03,0,1.132,km1,6637,6637,no
PaToH-S,bcsstk33.hgr,no,3,16,0.03,0,1.138,km1,6453,6453,no
PaToH-S,bcsstk33.hgr,no,4,16,0.03,0,1.134,km1,6397,6397,no
PaToH-S,bcsstk33.hgr,no,5,16,0.03,0,1.132,km1,6474,6474,no
PaToH-S,bcsstk33.hgr,no,1,32,0.03,0,1.381,km1,10005,10005,no
PaToH-S,bcsstk33.hgr,no,2,32,0.03,0,1.373,km1,10047,10047,no
PaToH-S,bcsstk33.hgr,no,3,32,0.03,0,1.384,km1,9993,9993,no
PaToH-S,bcsstk33.hgr,no,4,32,0.03,0,1.378,km1,9873,9873,no
PaToH-S,bcsstk33.hgr,no,5,32,0.03,0,1.372,km1,9938,9938,no
PaToH-S,bcsstk33.hgr,no,1,64,0.03,0,1.596,km1,15550,15550,no
PaToH-S,bcsstk33.hgr,no,2,64,0.03,0,1.601,km1,15328,15328,no
PaToH-S,bcsstk33.hgr,no,3,64,0.03,0,1.59,km1,15539,15539,no
PaToH-S,bcsstk33.hgr,no,4,64,0.03,0,1.594,km1,15683,15683,no
PaToH-S,bcsstk33.hgr,no,5,64,0.03,0,1.599,km1,15238,15238,no
PaToH-S,bcsstk33.hgr,no,1,128,0.03,0,1.806,km1,23273,23273,no
PaToH-S,bcsstk33.hgr,no,2,128,0.03,0,1.804,km1,23340,23340,no
PaToH-S,bcsstk33.hgr,no,3,128,0.03,0,1.804,km1,23465,23465,no
PaToH-S,bcsstk33.hgr,no,4,128,0.03,0,1.81,km1,23187,23187,no
PaToH-S,bcsstk33.hgr,no,5,128,0.03,0,1.888,km1,23302,23302,no
PaToH-S,brack2.hgr,no,1,2,0.03,0.00104757747708,0.246,km1,202,202,no
PaToH-S,brack2.hgr,no,2,2,0.03,0.00179506765605,0.248,km1,321,321,no
PaToH-S,brack2.hgr,no,3,2,0.03,0.00993561763422,0.245,km1,199,199,no
PaToH-S,brack2.hgr,no,4,2,0.03,0.00381383675251,0.247,km1,214,214,no
PaToH-S,brack2.hgr,no,5,2,0.03,0.0115069838498,0.245,km1,206,206,no
PaToH-S,brack2.hgr,no,1,4,0.03,0,0.471,km1,1051,1051,no
PaToH-S,brack2.hgr,no,2,4,0.03,0,0.454,km1,1125,1125,no
PaToH-S,brack2.hgr,no,3,4,0.03,0,0.449,km1,901,901,no
PaToH-S,brack2.hgr,no,4,4,0.03,0,0.452,km1,917,917,no
PaToH-S,brack2.hgr,no,5,4,0.03,0.00796595373199,0.448,km1,889,889,no
PaToH-S,brack2.hgr,no,1,8,0.03,0,0.639,km1,2318,2318,no
PaToH-S,brack2.hgr,no,2,8,0.03,0,0.634,km1,2489,2489,no
PaToH-S,brack2.hgr,no,3,8,0.03,0,0.64,km1,2266,2266,no
PaToH-S,brack2.hgr,no,4,8,0.03,0,0.635,km1,2368,2368,no
PaToH-S,brack2.hgr,no,5,8,0.03,0,0.641,km1,2478,2478,no
PaToH-S,brack2.hgr,no,1,16,0.03,0,0.81,km1,3965,3965,no
PaToH-S,brack2.hgr,no,2,16,0.03,0,0.817,km1,4113,4113,no
PaToH-S,brack2.hgr,no,3,16,0.03,0,0.81,km1,3848,3848,no
PaToH-S,brack2.hgr,no,4,16,0.03,0,0.819,km1,3734,3734,no
PaToH-S,brack2.hgr,no,5,16,0.03,0,0.81,km1,3830,3830,no
PaToH-S,brack2.hgr,no,1,32,0.03,0.00288083806198,0.986,km1,5946,5946,no
PaToH-S,brack2.hgr,no,2,32,0.03,0.00288083806198,0.985,km1,6044,6044,no
PaToH-S,brack2.hgr,no,3,32,0.03,0.00113487560017,0.986,km1,6089,6089,no
PaToH-S,brack2.hgr,no,4,32,0.03,0,0.986,km1,5850,5850,no
PaToH-S,brack2.hgr,no,5,32,0.03,0,0.992,km1,5954,5954,no
PaToH-S,brack2.hgr,no,1,64,0.03,0,1.158,km1,8708,8708,no
PaToH-S,brack2.hgr,no,2,64,0.03,0.000349162011173,1.157,km1,8955,8955,no
PaToH-S,brack2.hgr,no,3,64,0.03,0,1.158,km1,8980,8980,no
PaToH-S,brack2.hgr,no,4,64,0.03,0,1.156,km1,8775,8775,no
PaToH-S,brack2.hgr,no,5,64,0.03,0,1.157,km1,8882,8882,no
PaToH-S,brack2.hgr,no,1,128,0.03,0.000698324022346,1.335,km1,12856,12856,no
PaToH-S,brack2.hgr,no,2,128,0.03,0.00209497206704,1.334,km1,13041,13041,no
PaToH-S,brack2.hgr,no,3,128,0.03,0.00104748603352,1.338,km1,12945,12945,no
PaToH-S,brack2.hgr,no,4,128,0.03,0,1.335,km1,12923,12923,no
PaToH-S,brack2.hgr,no,5,128,0.03,0,1.346,km1,12920,12920,no
PaToH-S,cant_spmv.hgr,no,1,2,0.03,0.0199998230887,2.49,km1,1019,1019,no
PaToH-S,cant_spmv.hgr,no,2,2,0.03,0.000614275366378,2.415,km1,290,290,no
PaToH-S,cant_spmv.hgr,no,3,2,0.03,0,2.408,km1,283,283,no
PaToH-S,cant_spmv.hgr,no,4,2,0.03,0.00269101752503,2.426,km1,243,243,no
PaToH-S,cant_spmv.hgr,no,5,2,0.03,0.00998860887761,2.404,km1,284,284,no
PaToH-S,cant_spmv.hgr,no,1,4,0.03,0.00980284237218,4.464,km1,975,975,no
PaToH-S,cant_spmv.hgr,no,2,4,0.03,0.00185363552376,4.475,km1,883,883,no
PaToH-S,cant_spmv.hgr,no,3,4,0.03,0.00980284237218,4.475,km1,888,888,no
PaToH-S,cant_spmv.hgr,no,4,4,0.03,0.00621940911682,4.484,km1,827,827,no
PaToH-S,cant_spmv.hgr,no,5,4,0.03,0.00973404359877,4.485,km1,889,889,no
PaToH-S,cant_spmv.hgr,no,1,8,0.03,0.00913254575118,6.438,km1,2206,2206,no
PaToH-S,cant_spmv.hgr,no,2,8,0.03,0.00373479055688,6.402,km1,2923,2923,no
PaToH-S,cant_spmv.hgr,no,3,8,0.03,0.00172979773161,6.402,km1,3687,3687,no
PaToH-S,cant_spmv.hgr,no,4,8,0.03,0.00859001828082,6.419,km1,2181,2181,no
PaToH-S,cant_spmv.hgr,no,5,8,0.03,0.00222121754172,6.379,km1,2676,2676,no
PaToH-S,cant_spmv.hgr,no,1,16,0.03,0.00268903862938,8.195,km1,6084,6084,no
PaToH-S,cant_spmv.hgr,no,2,16,0.03,0.00373477587413,8.217,km1,5920,5920,no
PaToH-S,cant_spmv.hgr,no,3,16,0.03,0.00492204146781,8.133,km1,6210,6210,no
PaToH-S,cant_spmv.hgr,no,4,16,0.03,0.00445028030476,8.202,km1,5476,5476,no
PaToH-S,cant_spmv.hgr,no,5,16,0.03,0.00231949238499,8.225,km1,6769,6769,no
PaToH-S,cant_spmv.hgr,no,1,32,0.03,0.00599131966285,9.833,km1,13230,13230,no
PaToH-S,cant_spmv.hgr,no,2,32,0.03,0,9.915,km1,13566,13566,no
PaToH-S,cant_spmv.hgr,no,3,32,0.03,0,9.847,km1,12822,12822,no
PaToH-S,cant_spmv.hgr,no,4,32,0.03,0.00204428229966,9.844,km1,11922,11922,no
PaToH-S,cant_spmv.hgr,no,5,32,0.03,0.00726506478802,9.9,km1,12339,12339,no
PaToH-S,cant_spmv.hgr,no,1,64,0.03,0.00191848031199,11.462,km1,24967,24967,no
PaToH-S,cant_spmv.hgr,no,2,64,0.03,0,11.482,km1,25539,25539,no
PaToH-S,cant_spmv.hgr,no,3,64,0.03,0.000408856459932,11.506,km1,25516,25516,no
PaToH-S,cant_spmv.hgr,no,4,64,0.03,0.00320795068562,11.439,km1,25928,25928,no
PaToH-S,cant_spmv.hgr,no,5,64,0.03,0.00135237136747,11.523,km1,25657,25657,no
PaToH-S,cant_spmv.hgr,no,1,128,0.03,0.00194993080891,12.985,km1,52385,52385,no
PaToH-S,cant_spmv.hgr,no,2,128,0.03,0,13.043,km1,51811,51811,no
PaToH-S,cant_spmv.hgr,no,3,128,0.03,0.000188702981507,13.038,km1,52915,52915,no
PaToH-S,cant_spmv.hgr,no,4,128,0.03,0.00257894074726,13.048,km1,52837,52837,no
PaToH-S,cant_spmv.hgr,no,5,128,0.03,0.00515788149453,13.046,km1,51907,51907,no
PaToH-S,crack.hgr,no,1,2,0.03,0,0.014,km1,78,78,no
PaToH-S,crack.hgr,no,2,2,0.03,0,0.012,km1,81,81,no
PaToH-S,crack.hgr,no,3,2,0.03,0,0.013,km1,84,84,no
PaToH-S,crack.hgr,no,4,2,0.03,0,0.013,km1,78,78,no
PaToH-S,crack.hgr,no,5,2,0.03,0,0.012,km1,79,79,no
PaToH-S,crack.hgr,no,1,4,0.03,0,0.024,km1,209,209,no
PaToH-S,crack.hgr,no,2,4,0.03,0.0053982883476,0.024,km1,167,167,no
PaToH-S,crack.hgr,no,3,4,0.03,0,0.024,km1,182,182,no
PaToH-S,crack.hgr,no,4,4,0.03,0,0.023,km1,163,163,no
PaToH-S,crack.hgr,no,5,4,0.03,0.00250164581962,0.023,km1,161,161,no
PaToH-S,crack.hgr,no,1,8,0.03,0,0.035,km1,347,347,no
PaToH-S,crack.hgr,no,2,8,0.03,0,0.035,km1,328,328,no
PaToH-S,crack.hgr,no,3,8,0.03,0.00526592943655,0.035,km1,318,318,no
PaToH-S,crack.hgr,no,4,8,0.03,0,0.034,km1,342,342,no
PaToH-S,crack.hgr,no,5,8,0.03,0.00210637177462,0.035,km1,327,327,no
PaToH-S,crack.hgr,no,1,16,0.03,0.00368615060558,0.046,km1,554,554,no
PaToH-S,crack.hgr,no,2,16,0.03,0,0.047,km1,588,588,no
PaToH-S,crack.hgr,no,3,16,0.03,0,0.047,km1,548,548,no
PaToH-S,crack.hgr,no,4,16,0.03,0,0.047,km1,559,559,no
PaToH-S,crack.hgr,no,5,16,0.03,0,0.047,km1,560,560,no
PaToH-S,crack.hgr,no,1,32,0.03,0.00210526315789,0.06,km1,855,855,no
PaToH-S,crack.hgr,no,2,32,0.03,0,0.06,km1,854,854,no
PaToH-S,crack.hgr,no,3,32,0.03,0,0.06,km1,838,838,no
PaToH-S,crack.hgr,no,4,32,0.03,0,0.061,km1,861,861,no
PaToH-S,crack.hgr,no,5,32,0.03,0.00105263157895,0.061,km1,834,834,no
PaToH-S,crack.hgr,no,1,64,0.03,0.00210526315789,0.075,km1,1314,1314,no
PaToH-S,crack.hgr,no,2,64,0.03,0.00210526315789,0.075,km1,1312,1312,no
PaToH-S,crack.hgr,no,3,64,0.03,0,0.076,km1,1299,1299,no
PaToH-S,crack.hgr,no,4,64,0.03,0.00210526315789,0.079,km1,1275,1275,no
PaToH-S,crack.hgr,no,5,64,0.03,0.00210526315789,0.075,km1,1316,1316,no
PaToH-S,crack.hgr,no,1,128,0.03,0,0.09,km1,2065,2065,no
PaToH-S,crack.hgr,no,2,128,0.03,0,0.09,km1,2023,2023,no
PaToH-S,crack.hgr,no,3,128,0.03,0,0.09,km1,2005,2005,no
PaToH-S,crack.hgr,no,4,128,0.03,0,0.096,km1,2030,2030,no
PaToH-S,crack.hgr,no,5,128,0.03,0,0.09,km1,2031,2031,no
PaToH-S,cs4.hgr,no,1,2,0.03,0,0.024,km1,338,338,no
PaToH-S,cs4.hgr,no,2,2,0.03,0.000273610287747,0.023,km1,322,322,no
PaToH-S,cs4.hgr,no,3,2,0.03,0.00041041543162,0.023,km1,320,320,no
PaToH-S,cs4.hgr,no,4,2,0.03,0,0.022,km1,334,334,no
PaToH-S,cs4.hgr,no,5,2,0.03,0,0.023,km1,331,331,no
PaToH-S,cs4.hgr,no,1,4,0.03,0,0.04,km1,869,869,no
PaToH-S,cs4.hgr,no,2,4,0.03,0,0.04,km1,900,900,no
PaToH-S,cs4.hgr,no,3,4,0.03,0,0.041,km1,869,869,no
PaToH-S,cs4.hgr,no,4,4,0.03,0,0.042,km1,866,866,no
PaToH-S,cs4.hgr,no,5,4,0.03,0,0.041,km1,883,883,no
PaToH-S,cs4.hgr,no,1,8,0.03,0,0.058,km1,1422,1422,no
PaToH-S,cs4.hgr,no,2,8,0.03,0.00273572861572,0.058,km1,1361,1361,no
PaToH-S,cs4.hgr,no,3,8,0.03,0.00109429144629,0.058,km1,1350,1350,no
PaToH-S,cs4.hgr,no,4,8,0.03,0,0.058,km1,1407,1407,no
PaToH-S,cs4.hgr,no,5,8,0.03,0.00200620098486,0.058,km1,1407,1407,no
PaToH-S,cs4.hgr,no,1,16,0.03,0.00291757840992,0.076,km1,2054,2054,no
PaToH-S,cs4.hgr,no,2,16,0.03,0,0.075,km1,1976,1976,no
PaToH-S,cs4.hgr,no,3,16,0.03,0.00036469730124,0.076,km1,1988,1988,no
PaToH-S,cs4.hgr,no,4,16,0.03,0,0.076,km1,2025,2025,no
PaToH-S,cs4.hgr,no,5,16,0.03,0.00437636761488,0.075,km1,2002,2002,no
PaToH-S,cs4.hgr,no,1,32,0.03,0.00291757840992,0.095,km1,2839,2839,no
PaToH-S,cs4.hgr,no,2,32,0.03,0.00291757840992,0.095,km1,2780,2780,no
PaToH-S,cs4.hgr,no,3,32,0.03,0.00218818380744,0.095,km1,2808,2808,no
PaToH-S,cs4.hgr,no,4,32,0.03,0.00145878920496,0.101,km1,2762,2762,no
PaToH-S,cs4.hgr,no,5,32,0.03,0.00072939460248,0.096,km1,2790,2790,no
PaToH-S,cs4.hgr,no,1,64,0.03,0.00145772594752,0.116,km1,3869,3869,no
PaToH-S,cs4.hgr,no,2,64,0.03,0.00145772594752,0.116,km1,3831,3831,no
PaToH-S,cs4.hgr,no,3,64,0.03,0.00291545189504,0.116,km1,3858,3858,no
PaToH-S,cs4.hgr,no,4,64,0.03,0,0.116,km1,3820,3820,no
PaToH-S,cs4.hgr,no,5,64,0.03,0.00145772594752,0.116,km1,3782,3782,no
PaToH-S,cs4.hgr,no,1,128,0.03,0,0.135,km1,5411,5411,no
PaToH-S,cs4.hgr,no,2,128,0.03,0.00291545189504,0.134,km1,5362,5362,no
PaToH-S,cs4.hgr,no,3,128,0.03,0,0.135,km1,5504,5504,no
PaToH-S,cs4.hgr,no,4,128,0.03,0.00291545189504,0.135,km1,5362,5362,no
PaToH-S,cs4.hgr,no,5,128,0.03,0,0.134,km1,5355,5355,no
PaToH-S,cti.hgr,no,1,2,0.03,0,0.025,km1,279,279,no
PaToH-S,cti.hgr,no,2,2,0.03,0,0.024,km1,271,271,no
PaToH-S,cti.hgr,no,3,2,0.03,0,0.025,km1,283,283,no
PaToH-S,cti.hgr,no,4,2,0.03,0,0.025,km1,279,279,no
PaToH-S,cti.hgr,no,5,2,0.03,0,0.025,km1,278,278,no
PaToH-S,cti.hgr,no,1,4,0.03,0,0.045,km1,912,912,no
PaToH-S,cti.hgr,no,2,4,0.03,0,0.044,km1,942,942,no
PaToH-S,cti.hgr,no,3,4,0.03,0,0.044,km1,854,854,no
PaToH-S,cti.hgr,no,4,4,0.03,0,0.045,km1,854,854,no
PaToH-S,cti.hgr,no,5,4,0.03,0,0.044,km1,897,897,no
PaToH-S,cti.hgr,no,1,8,0.03,0,0.064,km1,1664,1664,no
PaToH-S,cti.hgr,no,2,8,0.03,0,0.065,km1,1669,1669,no
PaToH-S,cti.hgr,no,3,8,0.03,0,0.065,km1,1619,1619,no
PaToH-S,cti.hgr,no,4,8,0.03,0,0.064,km1,1613,1613,no
PaToH-S,cti.hgr,no,5,8,0.03,0,0.064,km1,1601,1601,no
PaToH-S,cti.hgr,no,1,16,0.03,0.000995024875622,0.086,km1,2612,2612,no
PaToH-S,cti.hgr,no,2,16,0.03,0,0.086,km1,2625,2625,no
PaToH-S,cti.hgr,no,3,16,0.03,0,0.087,km1,2553,2553,no
PaToH-S,cti.hgr,no,4,16,0.03,0,0.087,km1,2528,2528,no
PaToH-S,cti.hgr,no,5,16,0.03,0,0.086,km1,2671,2671,no
PaToH-S,cti.hgr,no,1,32,0.03,0,0.109,km1,3762,3762,no
PaToH-S,cti.hgr,no,2,32,0.03,0,0.11,km1,3635,3635,no
PaToH-S,cti.hgr,no,3,32,0.03,0,0.111,km1,3780,3780,no
PaToH-S,cti.hgr,no,4,32,0.03,0,0.11,km1,3794,3794,no
PaToH-S,cti.hgr,no,5,32,0.03,0,0.11,km1,3674,3674,no
PaToH-S,cti.hgr,no,1,64,0.03,0,0.136,km1,4922,4922,no
PaToH-S,cti.hgr,no,2,64,0.03,0,0.135,km1,4953,4953,no
PaToH-S,cti.hgr,no,3,64,0.03,0.00132625994695,0.136,km1,5092,5092,no
PaToH-S,cti.hgr,no,4,64,0.03,0,0.136,km1,4978,4978,no
PaToH-S,cti.hgr,no,5,64,0.03,0.00132625994695,0.135,km1,5043,5043,no
PaToH-S,cti.hgr,no,1,128,0.03,0,0.162,km1,6783,6783,no
PaToH-S,cti.hgr,no,2,128,0.03,0.0026525198939,0.16,km1,6801,6801,no
PaToH-S,cti.hgr,no,3,128,0.03,0.0026525198939,0.159,km1,6879,6879,no
PaToH-S,cti.hgr,no,4,128,0.03,0.0026525198939,0.159,km1,6852,6852,no
PaToH-S,cti.hgr,no,5,128,0.03,0.0026525198939,0.163,km1,6913,6913,no
PaToH-S,data.hgr,no,1,2,0.03,0,0.007,km1,75,75,no
PaToH-S,data.hgr,no,2,2,0.03,0,0.007,km1,65,65,no
PaToH-S,data.hgr,no,3,2,0.03,0,0.008,km1,66,66,no
PaToH-S,data.hgr,no,4,2,0.03,0,0.007,km1,65,65,no
PaToH-S,data.hgr,no,5,2,0.03,0,0.007,km1,65,65,no
PaToH-S,data.hgr,no,1,4,0.03,0,0.014,km1,148,148,no
PaToH-S,data.hgr,no,2,4,0.03,0,0.014,km1,146,146,no
PaToH-S,data.hgr,no,3,4,0.03,0,0.014,km1,141,141,no
PaToH-S,data.hgr,no,4,4,0.03,0.00529941706412,0.014,km1,133,133,no
PaToH-S,data.hgr,no,5,4,0.03,0,0.013,km1,152,152,no
PaToH-S,data.hgr,no,1,8,0.03,0.00476947535771,0.022,km1,282,282,no
PaToH-S,data.hgr,no,2,8,0.03,0.00370959194489,0.02,km1,290,290,no
PaToH-S,data.hgr,no,3,8,0.03,0,0.02,km1,286,286,no
PaToH-S,data.hgr,no,4,8,0.03,0.00158982511924,0.02,km1,256,256,no
PaToH-S,data.hgr,no,5,8,0.03,0.00264970853206,0.021,km1,286,286,no
PaToH-S,data.hgr,no,1,16,0.03,0.00423728813559,0.028,km1,457,457,no
PaToH-S,data.hgr,no,2,16,0.03,0,0.027,km1,418,418,no
PaToH-S,data.hgr,no,3,16,0.03,0.0010593220339,0.029,km1,456,456,no
PaToH-S,data.hgr,no,4,16,0.03,0,0.029,km1,460,460,no
PaToH-S,data.hgr,no,5,16,0.03,0,0.029,km1,440,440,no
PaToH-S,data.hgr,no,1,32,0.03,0,0.036,km1,768,768,no
PaToH-S,data.hgr,no,2,32,0.03,0,0.036,km1,744,744,no
PaToH-S,data.hgr,no,3,32,0.03,0,0.036,km1,748,748,no
PaToH-S,data.hgr,no,4,32,0.03,0.0021186440678,0.036,km1,787,787,no
PaToH-S,data.hgr,no,5,32,0.03,0,0.036,km1,778,778,no
PaToH-S,data.hgr,no,1,64,0.03,0,0.047,km1,1280,1280,no
PaToH-S,data.hgr,no,2,64,0.03,0,0.044,km1,1294,1294,no
PaToH-S,data.hgr,no,3,64,0.03,0.00423728813559,0.046,km1,1271,1271,no
PaToH-S,data.hgr,no,4,64,0.03,0,0.047,km1,1250,1250,no
PaToH-S,data.hgr,no,5,64,0.03,0.00423728813559,0.044,km1,1306,1306,no
PaToH-S,data.hgr,no,1,128,0.03,0,0.053,km1,1984,1984,no
PaToH-S,data.hgr,no,2,128,0.03,0.00847457627119,0.053,km1,1967,1967,no
PaToH-S,data.hgr,no,3,128,0.03,0.00847457627119,0.052,km1,1979,1979,no
PaToH-S,data.hgr,no,4,128,0.03,0,0.053,km1,1962,1962,no
PaToH-S,data.hgr,no,5,128,0.03,0.00847457627119,0.052,km1,1990,1990,no
PaToH-S,fe_4elt2.hgr,no,1,2,0.03,0,0.013,km1,66,66,no
PaToH-S,fe_4elt2.hgr,no,2,2,0.03,0,0.013,km1,69,69,no
PaToH-S,fe_4elt2.hgr,no,3,2,0.03,0,0.013,km1,67,67,no
PaToH-S,fe_4elt2.hgr,no,4,2,0.03,0,0.013,km1,68,68,no
PaToH-S,fe_4elt2.hgr,no,5,2,0.03,0,0.013,km1,66,66,no
PaToH-S,fe_4elt2.hgr,no,1,4,0.03,0,0.024,km1,191,191,no
PaToH-S,fe_4elt2.hgr,no,2,4,0.03,0,0.024,km1,184,184,no
PaToH-S,fe_4elt2.hgr,no,3,4,0.03,0,0.024,km1,201,201,no
PaToH-S,fe_4elt2.hgr,no,4,4,0.03,0,0.024,km1,198,198,no
PaToH-S,fe_4elt2.hgr,no,5,4,0.03,0,0.025,km1,183,183,no
PaToH-S,fe_4elt2.hgr,no,1,8,0.03,0,0.035,km1,358,358,no
PaToH-S,fe_4elt2.hgr,no,2,8,0.03,0.00365586156471,0.036,km1,331,331,no
PaToH-S,fe_4elt2.hgr,no,3,8,0.03,0,0.035,km1,354,354,no
PaToH-S,fe_4elt2.hgr,no,4,8,0.03,0,0.036,km1,346,346,no
PaToH-S,fe_4elt2.hgr,no,5,8,0.03,0,0.036,km1,371,371,no
PaToH-S,fe_4elt2.hgr,no,1,16,0.03,0,0.048,km1,589,589,no
PaToH-S,fe_4elt2.hgr,no,2,16,0.03,0,0.048,km1,536,536,no
PaToH-S,fe_4elt2.hgr,no,3,16,0.03,0,0.048,km1,556,556,no
PaToH-S,fe_4elt2.hgr,no,4,16,0.03,0,0.048,km1,615,615,no
PaToH-S,fe_4elt2.hgr,no,5,16,0.03,0,0.048,km1,622,622,no
PaToH-S,fe_4elt2.hgr,no,1,32,0.03,0,0.061,km1,942,942,no
PaToH-S,fe_4elt2.hgr,no,2,32,0.03,0.00292397660819,0.062,km1,941,941,no
PaToH-S,fe_4elt2.hgr,no,3,32,0.03,0,0.062,km1,964,964,no
PaToH-S,fe_4elt2.hgr,no,4,32,0.03,0.000974658869396,0.062,km1,935,935,no
PaToH-S,fe_4elt2.hgr,no,5,32,0.03,0,0.062,km1,954,954,no
PaToH-S,fe_4elt2.hgr,no,1,64,0.03,0.00194931773879,0.078,km1,1436,1436,no
PaToH-S,fe_4elt2.hgr,no,2,64,0.03,0,0.077,km1,1484,1484,no
PaToH-S,fe_4elt2.hgr,no,3,64,0.03,0,0.077,km1,1450,1450,no
PaToH-S,fe_4elt2.hgr,no,4,64,0.03,0,0.076,km1,1467,1467,no
PaToH-S,fe_4elt2.hgr,no,5,64,0.03,0,0.077,km1,1497,1497,no
PaToH-S,fe_4elt2.hgr,no,1,128,0.03,0,0.093,km1,2313,2313,no
PaToH-S,fe_4elt2.hgr,no,2,128,0.03,0,0.093,km1,2289,2289,no
PaToH-S,fe_4elt2.hgr,no,3,128,0.03,0,0.093,km1,2303,2303,no
PaToH-S,fe_4elt2.hgr,no,4,128,0.03,0,0.092,km1,2268,2268,no
PaToH-S,fe_4elt2.hgr,no,5,128,0.03,0,0.092,km1,2293,2293,no
PaToH-S,fe_body.hgr,no,1,2,0.03,0.0199958469224,0.081,km1,200,200,no
PaToH-S,fe_body.hgr,no,2,2,0.03,0.0199225573186,0.079,km1,165,165,no
PaToH-S,fe_body.hgr,no,3,2,0.03,0.000146579207739,0.078,km1,136,136,no
PaToH-S,fe_body.hgr,no,4,2,0.03,0,0.078,km1,148,148,no
PaToH-S,fe_body.hgr,no,5,2,0.03,0.000732896038697,0.079,km1,157,157,no
PaToH-S,fe_body.hgr,no,1,4,0.03,0.0087702154688,0.142,km1,309,309,no
PaToH-S,fe_body.hgr,no,2,4,0.03,0.017735867494,0.142,km1,357,357,no
PaToH-S,fe_body.hgr,no,3,4,0.03,0.00771974397811,0.143,km1,303,303,no
PaToH-S,fe_body.hgr,no,4,4,0.03,0.00859920848195,0.142,km1,305,305,no
PaToH-S,fe_body.hgr,no,5,4,0.03,0.0140470024918,0.142,km1,297,297,no
PaToH-S,fe_body.hgr,no,1,8,0.03,0.00644940636146,0.205,km1,538,538,no
PaToH-S,fe_body.hgr,no,2,8,0.03,0.0103092783505,0.202,km1,535,535,no
PaToH-S,fe_body.hgr,no,3,8,0.03,0.00630282894415,0.204,km1,557,557,no
PaToH-S,fe_body.hgr,no,4,8,0.03,0.00517906874481,0.202,km1,598,598,no
PaToH-S,fe_body.hgr,no,5,8,0.03,0.00591195583134,0.203,km1,530,530,no
PaToH-S,fe_body.hgr,no,1,16,0.03,0.00478796169631,0.274,km1,867,867,no
PaToH-S,fe_body.hgr,no,2,16,0.03,0.00683994528044,0.264,km1,922,922,no
PaToH-S,fe_body.hgr,no,3,16,0.03,0.0102599179207,0.277,km1,933,933,no
PaToH-S,fe_body.hgr,no,4,16,0.03,0.00459253468829,0.264,km1,904,904,no
PaToH-S,fe_body.hgr,no,5,16,0.03,0.00371311315224,0.263,km1,1011,1011,no
PaToH-S,fe_body.hgr,no,1,32,0.03,0.00586281024038,0.325,km1,1359,1359,no
PaToH-S,fe_body.hgr,no,2,32,0.03,0.00371311315224,0.325,km1,1431,1431,no
PaToH-S,fe_body.hgr,no,3,32,0.03,0.0062536642564,0.326,km1,1477,1477,no
PaToH-S,fe_body.hgr,no,4,32,0.03,0.00762165331249,0.325,km1,1536,1536,no
PaToH-S,fe_body.hgr,no,5,32,0.03,0.00723079929646,0.327,km1,1420,1420,no
PaToH-S,fe_body.hgr,no,1,64,0.03,0.00390777647519,0.391,km1,2296,2296,no
PaToH-S,fe_body.hgr,no,2,64,0.03,0.00468933177022,0.392,km1,2415,2415,no
PaToH-S,fe_body.hgr,no,3,64,0.03,0.00390777647519,0.391,km1,2332,2332,no
PaToH-S,fe_body.hgr,no,4,64,0.03,0.00390777647519,0.392,km1,2500,2500,no
PaToH-S,fe_body.hgr,no,5,64,0.03,0.00351699882767,0.391,km1,2311,2311,no
PaToH-S,fe_body.hgr,no,1,128,0.03,0.00625,0.463,km1,3936,3936,no
PaToH-S,fe_body.hgr,no,2,128,0.03,0.003125,0.464,km1,3893,3893,no
PaToH-S,fe_body.hgr,no,3,128,0.03,0.003125,0.464,km1,3841,3841,no
PaToH-S,fe_body.hgr,no,4,128,0.03,0.00390625,0.464,km1,3864,3864,no
PaToH-S,fe_body.hgr,no,5,128,0.03,0.00546875,0.463,km1,3891,3891,no
PaToH-S,fe_ocean.hgr,no,1,2,0.03,0.0199075181765,0.252,km1,284,284,no
PaToH-S,fe_ocean.hgr,no,2,2,0.03,0.0158205442463,0.264,km1,295,295,no
PaToH-S,fe_ocean.hgr,no,3,2,0.03,0.0175490851917,0.251,km1,293,293,no
PaToH-S,fe_ocean.hgr,no,4,2,0.03,0.011914237025,0.25,km1,296,296,no
PaToH-S,fe_ocean.hgr,no,5,2,0.03,0.0190432477038,0.252,km1,292,292,no
PaToH-S,fe_ocean.hgr,no,1,4,0.03,0.00717780447075,0.449,km1,1344,1344,no
PaToH-S,fe_ocean.hgr,no,2,4,0.03,0.00837898807606,0.449,km1,1291,1291,no
PaToH-S,fe_ocean.hgr,no,3,4,0.03,0.00983408041094,0.463,km1,1550,1550,no
PaToH-S,fe_ocean.hgr,no,4,4,0.03,0.00987314329242,0.463,km1,1305,1305,no
PaToH-S,fe_ocean.hgr,no,5,4,0.03,0.00987314329242,0.449,km1,1286,1286,no
PaToH-S,fe_ocean.hgr,no,1,8,0.03,0.00134765625,0.63,km1,3499,3499,no
PaToH-S,fe_ocean.hgr,no,2,8,0.03,0.00587890625,0.63,km1,4056,4056,no
PaToH-S,fe_ocean.hgr,no,3,8,0.03,0.00021484375,0.632,km1,3764,3764,no
PaToH-S,fe_ocean.hgr,no,4,8,0.03,0.00595703125,0.63,km1,3631,3631,no
PaToH-S,fe_ocean.hgr,no,5,8,0.03,0.0065234375,0.633,km1,3550,3550,no
PaToH-S,fe_ocean.hgr,no,1,16,0.03,0,0.797,km1,7095,7095,no
PaToH-S,fe_ocean.hgr,no,2,16,0.03,0.003828125,0.801,km1,6956,6956,no
PaToH-S,fe_ocean.hgr,no,3,16,0.03,0,0.801,km1,7028,7028,no
PaToH-S,fe_ocean.hgr,no,4,16,0.03,0.004609375,0.801,km1,6896,6896,no
PaToH-S,fe_ocean.hgr,no,5,16,0.03,0.0020703125,0.802,km1,6730,6730,no
PaToH-S,fe_ocean.hgr,no,1,32,0.03,0,0.965,km1,10852,10852,no
PaToH-S,fe_ocean.hgr,no,2,32,0.03,0.0040625,0.964,km1,11059,11059,no
PaToH-S,fe_ocean.hgr,no,3,32,0.03,0.002265625,0.968,km1,11023,11023,no
PaToH-S,fe_ocean.hgr,no,4,32,0.03,0.003828125,0.966,km1,10996,10996,no
PaToH-S,fe_ocean.hgr,no,5,32,0.03,0,0.967,km1,11241,11241,no
PaToH-S,fe_ocean.hgr,no,1,64,0.03,0.00078125,1.132,km1,16843,16843,no
PaToH-S,fe_ocean.hgr,no,2,64,0.03,0.00296875,1.14,km1,16944,16944,no
PaToH-S,fe_ocean.hgr,no,3,64,0.03,0.00328125,1.128,km1,17548,17548,no
PaToH-S,fe_ocean.hgr,no,4,64,0.03,0.0025,1.133,km1,17338,17338,no
PaToH-S,fe_ocean.hgr,no,5,64,0.03,0.00203125,1.13,km1,16932,16932,no
PaToH-S,fe_ocean.hgr,no,1,128,0.03,0.0040625,1.309,km1,24083,24083,no
PaToH-S,fe_ocean.hgr,no,2,128,0.03,0.005,1.312,km1,23950,23950,no
PaToH-S,fe_ocean.hgr,no,3,128,0.03,0.0003125,1.314,km1,23716,23716,no
PaToH-S,fe_ocean.hgr,no,4,128,0.03,0.0028125,1.306,km1,23333,23333,no
PaToH-S,fe_ocean.hgr,no,5,128,0.03,0.0015625,1.313,km1,23977,23977,no
PaToH-S,fe_pwt.hgr,no,1,2,0.03,0.00480682901225,0.066,km1,120,120,no
PaToH-S,fe_pwt.hgr,no,2,2,0.03,0.00686492534221,0.064,km1,120,120,no
PaToH-S,fe_pwt.hgr,no,3,2,0.03,0.0149868088457,0.063,km1,120,120,no
PaToH-S,fe_pwt.hgr,no,4,2,0.03,0.00835669986325,0.064,km1,120,120,no
PaToH-S,fe_pwt.hgr,no,5,2,0.03,0.0149868088457,0.064,km1,120,120,no
PaToH-S,fe_pwt.hgr,no,1,4,0.03,0.0036741346446,0.117,km1,273,273,no
PaToH-S,fe_pwt.hgr,no,2,4,0.03,0.00853614740739,0.116,km1,258,258,no
PaToH-S,fe_pwt.hgr,no,3,4,0.03,0,0.117,km1,328,328,no
PaToH-S,fe_pwt.hgr,no,4,4,0.03,0.000221000580126,0.116,km1,262,262,no
PaToH-S,fe_pwt.hgr,no,5,4,0.03,0.00372938478964,0.117,km1,295,295,no
PaToH-S,fe_pwt.hgr,no,1,8,0.03,0,0.166,km1,631,631,no
PaToH-S,fe_pwt.hgr,no,2,8,0.03,0.000220994475138,0.167,km1,567,567,no
PaToH-S,fe_pwt.hgr,no,3,8,0.03,0.00121546961326,0.168,km1,602,602,no
PaToH-S,fe_pwt.hgr,no,4,8,0.03,0.000220994475138,0.167,km1,614,614,no
PaToH-S,fe_pwt.hgr,no,5,8,0.03,0.000276243093923,0.167,km1,580,580,no
PaToH-S,fe_pwt.hgr,no,1,16,0.03,0,0.219,km1,1276,1276,no
PaToH-S,fe_pwt.hgr,no,2,16,0.03,0.000220994475138,0.218,km1,1217,1217,no
PaToH-S,fe_pwt.hgr,no,3,16,0.03,0,0.218,km1,1213,1213,no
PaToH-S,fe_pwt.hgr,no,4,16,0.03,0,0.219,km1,1263,1263,no
PaToH-S,fe_pwt.hgr,no,5,16,0.03,0.00331491712707,0.218,km1,1259,1259,no
PaToH-S,fe_pwt.hgr,no,1,32,0.03,0.00353591160221,0.274,km1,2611,2611,no
PaToH-S,fe_pwt.hgr,no,2,32,0.03,0,0.274,km1,2466,2466,no
PaToH-S,fe_pwt.hgr,no,3,32,0.03,0,0.273,km1,2487,2487,no
PaToH-S,fe_pwt.hgr,no,4,32,0.03,0,0.273,km1,2475,2475,no
PaToH-S,fe_pwt.hgr,no,5,32,0.03,0,0.274,km1,2472,2472,no
PaToH-S,fe_pwt.hgr,no,1,64,0.03,0.000883782589483,0.332,km1,3954,3954,no
PaToH-S,fe_pwt.hgr,no,2,64,0.03,0.000441891294741,0.331,km1,3847,3847,no
PaToH-S,fe_pwt.hgr,no,3,64,0.03,0,0.33,km1,3913,3913,no
PaToH-S,fe_pwt.hgr,no,4,64,0.03,0.00265134776845,0.333,km1,4024,4024,no
PaToH-S,fe_pwt.hgr,no,5,64,0.03,0.000441891294741,0.332,km1,3869,3869,no
PaToH-S,fe_pwt.hgr,no,1,128,0.03,0.000883392226148,0.395,km1,5541,5541,no
PaToH-S,fe_pwt.hgr,no,2,128,0.03,0,0.397,km1,5608,5608,no
PaToH-S,fe_pwt.hgr,no,3,128,0.03,0.00265017667845,0.407,km1,5597,5597,no
PaToH-S,fe_pwt.hgr,no,4,128,0.03,0.000883392226148,0.396,km1,5571,5571,no
PaToH-S,fe_pwt.hgr,no,5,128,0.03,0,0.396,km1,5592,5592,no
PaToH-S,fe_rotor.hgr,no,1,2,0.03,0.0172425245157,0.578,km1,557,557,no
PaToH-S,fe_rotor.hgr,no,2,2,0.03,0.0175565190087,0.567,km1,576,576,no
PaToH-S,fe_rotor.hgr,no,3,2,0.03,0.0136497029129,0.573,km1,518,518,no
PaToH-S,fe_rotor.hgr,no,4,2,0.03,0.0141176754746,0.57,km1,484,484,no
PaToH-S,fe_rotor.hgr,no,5,2,0.03,0.0175836916091,0.576,km1,561,561,no
PaToH-S,fe_rotor.hgr,no,1,4,0.03,0.00953456354765,1.034,km1,2152,2152,no
PaToH-S,fe_rotor.hgr,no,2,4,0.03,0.0133085358195,1.031,km1,2018,2018,no
PaToH-S,fe_rotor.hgr,no,3,4,0.03,0.0098183662625,1.028,km1,2013,2013,no
PaToH-S,fe_rotor.hgr,no,4,4,0.03,0.0196005023912,1.037,km1,2151,2151,no
PaToH-S,fe_rotor.hgr,no,5,4,0.03,0.0102289744457,1.03,km1,2074,2074,no
PaToH-S,fe_rotor.hgr,no,1,8,0.03,0,1.444,km1,3880,3880,no
PaToH-S,fe_rotor.hgr,no,2,8,0.03,0.00452876672625,1.43,km1,3985,3985,no
PaToH-S,fe_rotor.hgr,no,3,8,0.03,0.00649727066325,1.427,km1,4009,4009,no
PaToH-S,fe_rotor.hgr,no,4,8,0.03,0.00636442683928,1.42,km1,3813,3813,no
PaToH-S,fe_rotor.hgr,no,5,8,0.03,0,1.426,km1,3915,3915,no
PaToH-S,fe_rotor.hgr,no,1,16,0.03,0,1.793,km1,6629,6629,no
PaToH-S,fe_rotor.hgr,no,2,16,0.03,0.00487899135307,1.803,km1,6575,6575,no
PaToH-S,fe_rotor.hgr,no,3,16,0.03,0.0039853147191,1.803,km1,6160,6160,no
PaToH-S,fe_rotor.hgr,no,4,16,0.03,0.00813970339597,1.807,km1,6621,6621,no
PaToH-S,fe_rotor.hgr,no,5,16,0.03,0,1.803,km1,6453,6453,no
PaToH-S,fe_rotor.hgr,no,1,32,0.03,0,2.17,km1,10066,10066,no
PaToH-S,fe_rotor.hgr,no,2,32,0.03,0.00376793391624,2.143,km1,9882,9882,no
PaToH-S,fe_rotor.hgr,no,3,32,0.03,0.0019322738032,2.144,km1,9863,9863,no
PaToH-S,fe_rotor.hgr,no,4,32,0.03,0,2.145,km1,9802,9802,no
PaToH-S,fe_rotor.hgr,no,5,32,0.03,0.00299502439496,2.15,km1,10109,10109,no
PaToH-S,fe_rotor.hgr,no,1,64,0.03,0,2.468,km1,14730,14730,no
PaToH-S,fe_rotor.hgr,no,2,64,0.03,0,2.475,km1,15037,15037,no
PaToH-S,fe_rotor.hgr,no,3,64,0.03,0,2.478,km1,14837,14837,no
PaToH-S,fe_rotor.hgr,no,4,64,0.03,0,2.462,km1,14481,14481,no
PaToH-S,fe_rotor.hgr,no,5,64,0.03,0,2.481,km1,14973,14973,no
PaToH-S,fe_rotor.hgr,no,1,128,0.03,0,2.796,km1,21567,21567,no
PaToH-S,fe_rotor.hgr,no,2,128,0.03,0.0015455950541,2.8,km1,20880,20880,no
PaToH-S,fe_rotor.hgr,no,3,128,0.03,0,2.79,km1,21143,21143,no
PaToH-S,fe_rotor.hgr,no,4,128,0.03,0,2.793,km1,21105,21105,no
PaToH-S,fe_rotor.hgr,no,5,128,0.03,0,2.817,km1,21513,21513,no
PaToH-S,fe_sphere.hgr,no,1,2,0.03,0,0.02,km1,227,227,no
PaToH-S,fe_sphere.hgr,no,2,2,0.03,0,0.02,km1,225,225,no
PaToH-S,fe_sphere.hgr,no,3,2,0.03,0,0.02,km1,229,229,no
PaToH-S,fe_sphere.hgr,no,4,2,0.03,0,0.02,km1,239,239,no
PaToH-S,fe_sphere.hgr,no,5,2,0.03,0,0.021,km1,249,249,no
PaToH-S,fe_sphere.hgr,no,1,4,0.03,0,0.036,km1,453,453,no
PaToH-S,fe_sphere.hgr,no,2,4,0.03,0,0.035,km1,451,451,no
PaToH-S,fe_sphere.hgr,no,3,4,0.03,0,0.035,km1,450,450,no
PaToH-S,fe_sphere.hgr,no,4,4,0.03,0,0.035,km1,468,468,no
PaToH-S,fe_sphere.hgr,no,5,4,0.03,0,0.035,km1,465,465,no
PaToH-S,fe_sphere.hgr,no,1,8,0.03,0,0.052,km1,708,708,no
PaToH-S,fe_sphere.hgr,no,2,8,0.03,0,0.052,km1,679,679,no
PaToH-S,fe_sphere.hgr,no,3,8,0.03,0,0.051,km1,702,702,no
PaToH-S,fe_sphere.hgr,no,4,8,0.03,0,0.051,km1,711,711,no
PaToH-S,fe_sphere.hgr,no,5,8,0.03,0,0.052,km1,703,703,no
PaToH-S,fe_sphere.hgr,no,1,16,0.03,0,0.07,km1,1106,1106,no
PaToH-S,fe_sphere.hgr,no,2,16,0.03,0,0.073,km1,1103,1103,no
PaToH-S,fe_sphere.hgr,no,3,16,0.03,0,0.07,km1,1120,1120,no
PaToH-S,fe_sphere.hgr,no,4,16,0.03,0,0.069,km1,1093,1093,no
PaToH-S,fe_sphere.hgr,no,5,16,0.03,0,0.069,km1,1129,1129,no
PaToH-S,fe_sphere.hgr,no,1,32,0.03,0,0.088,km1,1593,1593,no
PaToH-S,fe_sphere.hgr,no,2,32,0.03,0,0.088,km1,1559,1559,no
PaToH-S,fe_sphere.hgr,no,3,32,0.03,0,0.089,km1,1553,1553,no
PaToH-S,fe_sphere.hgr,no,4,32,0.03,0,0.089,km1,1559,1559,no
PaToH-S,fe_sphere.hgr,no,5,32,0.03,0.00260416666667,0.088,km1,1576,1576,no
PaToH-S,fe_sphere.hgr,no,1,64,0.03,0,0.111,km1,2275,2275,no
PaToH-S,fe_sphere.hgr,no,2,64,0.03,0.00130208333333,0.11,km1,2254,2254,no
PaToH-S,fe_sphere.hgr,no,3,64,0.03,0,0.111,km1,2271,2271,no
PaToH-S,fe_sphere.hgr,no,4,64,0.03,0,0.11,km1,2238,2238,no
PaToH-S,fe_sphere.hgr,no,5,64,0.03,0,0.11,km1,2241,2241,no
PaToH-S,fe_sphere.hgr,no,1,128,0.03,0.00260416666667,0.135,km1,3205,3205,no
PaToH-S,fe_sphere.hgr,no,2,128,0.03,0.00260416666667,0.136,km1,3164,3164,no
PaToH-S,fe_sphere.hgr,no,3,128,0.03,0.00260416666667,0.134,km1,3228,3228,no
PaToH-S,fe_sphere.hgr,no,4,128,0.03,0.00260416666667,0.134,km1,3212,3212,no
PaToH-S,fe_sphere.hgr,no,5,128,0.03,0.00260416666667,0.134,km1,3174,3174,no
PaToH-S,fe_tooth.hgr,no,1,2,0.03,0,0.321,km1,1099,1099,no
PaToH-S,fe_tooth.hgr,no,2,2,0.03,0,0.318,km1,1134,1134,no
PaToH-S,fe_tooth.hgr,no,3,2,0.03,0,0.318,km1,1160,1160,no
PaToH-S,fe_tooth.hgr,no,4,2,0.03,0,0.322,km1,1105,1105,no
PaToH-S,fe_tooth.hgr,no,5,2,0.03,0,0.317,km1,1152,1152,no
PaToH-S,fe_tooth.hgr,no,1,4,0.03,0,0.582,km1,2182,2182,no
PaToH-S,fe_tooth.hgr,no,2,4,0.03,0,0.586,km1,2204,2204,no
PaToH-S,fe_tooth.hgr,no,3,4,0.03,0,0.58,km1,2239,2239,no
PaToH-S,fe_tooth.hgr,no,4,4,0.03,0,0.582,km1,2284,2284,no
PaToH-S,fe_tooth.hgr,no,5,4,0.03,0,0.581,km1,2245,2245,no
PaToH-S,fe_tooth.hgr,no,1,8,0.03,0,0.819,km1,3801,3801,no
PaToH-S,fe_tooth.hgr,no,2,8,0.03,0,0.816,km1,3652,3652,no
PaToH-S,fe_tooth.hgr,no,3,8,0.03,0,0.817,km1,3707,3707,no
PaToH-S,fe_tooth.hgr,no,4,8,0.03,0,0.812,km1,3886,3886,no
PaToH-S,fe_tooth.hgr,no,5,8,0.03,0,0.814,km1,3811,3811,no
PaToH-S,fe_tooth.hgr,no,1,16,0.03,0,1.065,km1,6060,6060,no
PaToH-S,fe_tooth.hgr,no,2,16,0.03,0,1.036,km1,5863,5863,no
PaToH-S,fe_tooth.hgr,no,3,16,0.03,0,1.038,km1,5681,5681,no
PaToH-S,fe_tooth.hgr,no,4,16,0.03,0,1.04,km1,5709,5709,no
PaToH-S,fe_tooth.hgr,no,5,16,0.03,0,1.03,km1,5901,5901,no
PaToH-S,fe_tooth.hgr,no,1,32,0.03,0,1.251,km1,8653,8653,no
PaToH-S,fe_tooth.hgr,no,2,32,0.03,0,1.244,km1,8728,8728,no
PaToH-S,fe_tooth.hgr,no,3,32,0.03,0,1.251,km1,8440,8440,no
PaToH-S,fe_tooth.hgr,no,4,32,0.03,0,1.242,km1,8364,8364,no
PaToH-S,fe_tooth.hgr,no,5,32,0.03,0,1.248,km1,8409,8409,no
PaToH-S,fe_tooth.hgr,no,1,64,0.03,0,1.451,km1,11716,11716,no
PaToH-S,fe_tooth.hgr,no,2,64,0.03,0,1.46,km1,11909,11909,no
PaToH-S,fe_tooth.hgr,no,3,64,0.03,0,1.458,km1,11812,11812,no
PaToH-S,fe_tooth.hgr,no,4,64,0.03,0,1.455,km1,11808,11808,no
PaToH-S,fe_tooth.hgr,no,5,64,0.03,0,1.457,km1,11986,11986,no
PaToH-S,fe_tooth.hgr,no,1,128,0.03,0,1.674,km1,16315,16315,no
PaToH-S,fe_tooth.hgr,no,2,128,0.03,0,1.672,km1,16360,16360,no
PaToH-S,fe_tooth.hgr,no,3,128,0.03,0,1.675,km1,16356,16356,no
PaToH-S,fe_tooth.hgr,no,4,128,0.03,0,1.675,km1,16164,16164,no
PaToH-S,fe_tooth.hgr,no,5,128,0.03,0,1.676,km1,16297,16297,no
PaToH-S,finan512.hgr,no,1,2,0.03,0,0.165,km1,67,67,no
PaToH-S,finan512.hgr,no,2,2,0.03,0.000199142156863,0.165,km1,63,63,no
PaToH-S,finan512.hgr,no,3,2,0.03,0,0.173,km1,73,73,no
PaToH-S,finan512.hgr,no,4,2,0.03,0,0.165,km1,66,66,no
PaToH-S,finan512.hgr,no,5,2,0.03,0,0.172,km1,60,60,no
PaToH-S,finan512.hgr,no,1,4,0.03,0,0.305,km1,208,208,no
PaToH-S,finan512.hgr,no,2,4,0.03,0.000199142156863,0.32,km1,128,128,no
PaToH-S,finan512.hgr,no,3,4,0.03,0,0.308,km1,136,136,no
PaToH-S,finan512.hgr,no,4,4,0.03,0,0.309,km1,137,137,no
PaToH-S,finan512.hgr,no,5,4,0.03,0,0.309,km1,168,168,no
PaToH-S,finan512.hgr,no,1,8,0.03,0,0.439,km1,311,311,no
PaToH-S,finan512.hgr,no,2,8,0.03,0.00168504901961,0.439,km1,260,260,no
PaToH-S,finan512.hgr,no,3,8,0.03,0.00104166666667,0.459,km1,344,344,no
PaToH-S,finan512.hgr,no,4,8,0.03,0,0.442,km1,408,408,no
PaToH-S,finan512.hgr,no,5,8,0.03,0.000122549019608,0.44,km1,262,262,no
PaToH-S,finan512.hgr,no,1,16,0.03,0.00428921568627,0.57,km1,588,588,no
PaToH-S,finan512.hgr,no,2,16,0.03,0.0046568627451,0.573,km1,530,530,no
PaToH-S,finan512.hgr,no,3,16,0.03,0.00116421568627,0.57,km1,574,574,no
PaToH-S,finan512.hgr,no,4,16,0.03,0.00379901960784,0.57,km1,573,573,no
PaToH-S,finan512.hgr,no,5,16,0.03,0.00490196078431,0.572,km1,564,564,no
PaToH-S,finan512.hgr,no,1,32,0.03,0.00575980392157,0.702,km1,1099,1099,no
PaToH-S,finan512.hgr,no,2,32,0.03,0.00526960784314,0.702,km1,1076,1076,no
PaToH-S,finan512.hgr,no,3,32,0.03,0.00110294117647,0.705,km1,1090,1090,no
PaToH-S,finan512.hgr,no,4,32,0.03,0.00355392156863,0.702,km1,1104,1104,no
PaToH-S,finan512.hgr,no,5,32,0.03,0.0015931372549,0.705,km1,1085,1085,no
PaToH-S,finan512.hgr,no,1,64,0.03,0.00220588235294,0.838,km1,4718,4718,no
PaToH-S,finan512.hgr,no,2,64,0.03,0.00196078431373,0.833,km1,4721,4721,no
PaToH-S,finan512.hgr,no,3,64,0.03,0.00392156862745,0.84,km1,4697,4697,no
PaToH-S,finan512.hgr,no,4,64,0.03,0.0046568627451,0.834,km1,4671,4671,no
PaToH-S,finan512.hgr,no,5,64,0.03,0.00441176470588,0.843,km1,4603,4603,no
PaToH-S,finan512.hgr,no,1,128,0.03,0.00441176470588,0.963,km1,9495,9495,no
PaToH-S,finan512.hgr,no,2,128,0.03,0.00490196078431,0.963,km1,9475,9475,no
PaToH-S,finan512.hgr,no,3,128,0.03,0.00245098039216,0.968,km1,9498,9498,no
PaToH-S,finan512.hgr,no,4,128,0.03,0.00343137254902,0.965,km1,9464,9464,no
PaToH-S,finan512.hgr,no,5,128,0.03,0.00294117647059,0.964,km1,9358,9358,no
PaToH-S,m14b.hgr,no,1,2,0.03,0.0103346122555,2.057,km1,896,896,no
PaToH-S,m14b.hgr,no,2,2,0.03,0.0166144734601,2.061,km1,924,924,no
PaToH-S,m14b.hgr,no,3,2,0.03,0.00892783758125,2.104,km1,908,908,no
PaToH-S,m14b.hgr,no,4,2,0.03,0.0198532713765,2.061,km1,943,943,no
PaToH-S,m14b.hgr,no,5,2,0.03,0.0189062892715,2.067,km1,961,961,no
PaToH-S,m14b.hgr,no,1,4,0.03,0.00992483710736,3.565,km1,3355,3355,no
PaToH-S,m14b.hgr,no,2,4,0.03,0.00700408571667,3.616,km1,3420,3420,no
PaToH-S,m14b.hgr,no,3,4,0.03,0.00892663577563,3.579,km1,3431,3431,no
PaToH-S,m14b.hgr,no,4,4,0.03,0.00130790580219,3.601,km1,3393,3393,no
PaToH-S,m14b.hgr,no,5,4,0.03,0.00984383747662,3.577,km1,3336,3336,no
PaToH-S,m14b.hgr,no,1,8,0.03,0.000724230267108,4.877,km1,7593,7593,no
PaToH-S,m14b.hgr,no,2,8,0.03,0,4.859,km1,7735,7735,no
PaToH-S,m14b.hgr,no,3,8,0.03,0.0052840221462,4.882,km1,7069,7069,no
PaToH-S,m14b.hgr,no,4,8,0.03,0.00462649729843,4.839,km1,7360,7360,no
PaToH-S,m14b.hgr,no,5,8,0.03,0.00558419653322,4.839,km1,7582,7582,no
PaToH-S,m14b.hgr,no,1,16,0.03,0,5.943,km1,13577,13577,no
PaToH-S,m14b.hgr,no,2,16,0.03,0,5.964,km1,14223,14223,no
PaToH-S,m14b.hgr,no,3,16,0.03,7.62347649588e-05,5.923,km1,13260,13260,no
PaToH-S,m14b.hgr,no,4,16,0.03,0.00340197638628,5.914,km1,13752,13752,no
PaToH-S,m14b.hgr,no,5,16,0.03,0.0046598500081,5.955,km1,13488,13488,no
PaToH-S,m14b.hgr,no,1,32,0.03,0,6.998,km1,21086,21086,no
PaToH-S,m14b.hgr,no,2,32,0.03,0,6.937,km1,21314,21314,no
PaToH-S,m14b.hgr,no,3,32,0.03,0.00266819134744,6.98,km1,20578,20578,no
PaToH-S,m14b.hgr,no,4,32,0.03,0,6.926,km1,20990,20990,no
PaToH-S,m14b.hgr,no,5,32,0.03,0.0011625690871,6.983,km1,20789,20789,no
PaToH-S,m14b.hgr,no,1,64,0.03,0,7.888,km1,31093,31093,no
PaToH-S,m14b.hgr,no,2,64,0.03,0.00293501048218,7.875,km1,30730,30730,no
PaToH-S,m14b.hgr,no,3,64,0.03,0,7.834,km1,30627,30627,no
PaToH-S,m14b.hgr,no,4,64,0.03,0,7.915,km1,30867,30867,no
PaToH-S,m14b.hgr,no,5,64,0.03,0,7.844,km1,30652,30652,no
PaToH-S,m14b.hgr,no,1,128,0.03,0,8.767,km1,44230,44230,no
PaToH-S,m14b.hgr,no,2,128,0.03,0.00167708492148,8.69,km1,44728,44728,no
PaToH-S,m14b.hgr,no,3,128,0.03,0,8.727,km1,43729,43729,no
PaToH-S,m14b.hgr,no,4,128,0.03,0,8.731,km1,44091,44091,no
PaToH-S,m14b.hgr,no,5,128,0.03,0,8.715,km1,44149,44149,no
PaToH-S,mc2depi_spmv.hgr,no,1,2,0.03,0,1.211,km1,866,866,no
PaToH-S,mc2depi_spmv.hgr,no,2,2,0.03,0,1.236,km1,949,949,no
PaToH-S,mc2depi_spmv.hgr,no,3,2,0.03,0,1.234,km1,777,777,no
PaToH-S,mc2depi_spmv.hgr,no,4,2,0.03,0,1.224,km1,919,919,no
PaToH-S,mc2depi_spmv.hgr,no,5,2,0.03,0,1.218,km1,825,825,no
PaToH-S,mc2depi_spmv.hgr,no,1,4,0.03,0,2.188,km1,2724,2724,no
PaToH-S,mc2depi_spmv.hgr,no,2,4,0.03,0,2.191,km1,2595,2595,no
PaToH-S,mc2depi_spmv.hgr,no,3,4,0.03,0,2.194,km1,2963,2963,no
PaToH-S,mc2depi_spmv.hgr,no,4,4,0.03,0,2.186,km1,2682,2682,no
PaToH-S,mc2depi_spmv.hgr,no,5,4,0.03,0,2.17,km1,2705,2705,no
PaToH-S,mc2depi_spmv.hgr,no,1,8,0.03,0,2.977,km1,4941,4941,no
PaToH-S,mc2depi_spmv.hgr,no,2,8,0.03,0,2.979,km1,5363,5363,no
PaToH-S,mc2depi_spmv.hgr,no,3,8,0.03,0,2.972,km1,4773,4773,no
PaToH-S,mc2depi_spmv.hgr,no,4,8,0.03,0,2.992,km1,4883,4883,no
PaToH-S,mc2depi_spmv.hgr,no,5,8,0.03,0,2.955,km1,5122,5122,no
PaToH-S,mc2depi_spmv.hgr,no,1,16,0.03,0,3.704,km1,7898,7898,no
PaToH-S,mc2depi_spmv.hgr,no,2,16,0.03,0,3.686,km1,7894,7894,no
PaToH-S,mc2depi_spmv.hgr,no,3,16,0.03,0,3.671,km1,8021,8021,no
PaToH-S,mc2depi_spmv.hgr,no,4,16,0.03,0,3.69,km1,8471,8471,no
PaToH-S,mc2depi_spmv.hgr,no,5,16,0.03,0,3.699,km1,8105,8105,no
PaToH-S,mc2depi_spmv.hgr,no,1,32,0.03,0,4.318,km1,12980,12980,no
PaToH-S,mc2depi_spmv.hgr,no,2,32,0.03,0,4.322,km1,12658,12658,no
PaToH-S,mc2depi_spmv.hgr,no,3,32,0.03,0,4.326,km1,12796,12796,no
PaToH-S,mc2depi_spmv.hgr,no,4,32,0.03,0,4.329,km1,12955,12955,no
PaToH-S,mc2depi_spmv.hgr,no,5,32,0.03,0,4.309,km1,12512,12512,no
PaToH-S,mc2depi_spmv.hgr,no,1,64,0.03,0,4.883,km1,19170,19170,no
PaToH-S,mc2depi_spmv.hgr,no,2,64,0.03,0,4.889,km1,19153,19153,no
PaToH-S,mc2depi_spmv.hgr,no,3,64,0.03,0,4.851,km1,19107,19107,no
PaToH-S,mc2depi_spmv.hgr,no,4,64,0.03,0,4.859,km1,18912,18912,no
PaToH-S,mc2depi_spmv.hgr,no,5,64,0.03,0,4.821,km1,18678,18678,no
PaToH-S,mc2depi_spmv.hgr,no,1,128,0.03,0,5.351,km1,28241,28241,no
PaToH-S,mc2depi_spmv.hgr,no,2,128,0.03,0,5.352,km1,28477,28477,no
PaToH-S,mc2depi_spmv.hgr,no,3,128,0.03,0.000731305990615,5.358,km1,28064,28064,no
PaToH-S,mc2depi_spmv.hgr,no,4,128,0.03,0,5.39,km1,28049,28049,no
PaToH-S,mc2depi_spmv.hgr,no,5,128,0.03,0,5.375,km1,28081,28081,no
PaToH-S,memplus.hgr,no,1,2,0.03,0,0.016,km1,151,151,no
PaToH-S,memplus.hgr,no,2,2,0.03,0,0.016,km1,151,151,no
PaToH-S,memplus.hgr,no,3,2,0.03,0,0.016,km1,151,151,no
PaToH-S,memplus.hgr,no,4,2,0.03,0,0.016,km1,151,151,no
PaToH-S,memplus.hgr,no,5,2,0.03,0,0.016,km1,151,151,no
PaToH-S,memplus.hgr,no,1,4,0.03,0,0.032,km1,348,348,no
PaToH-S,memplus.hgr,no,2,4,0.03,0.000959480404458,0.034,km1,340,340,no
PaToH-S,memplus.hgr,no,3,4,0.03,0,0.032,km1,350,350,no
PaToH-S,memplus.hgr,no,4,4,0.03,0,0.033,km1,379,379,no
PaToH-S,memplus.hgr,no,5,4,0.03,0,0.034,km1,357,357,no
PaToH-S,memplus.hgr,no,1,8,0.03,0.00619926199262,0.057,km1,665,665,no
PaToH-S,memplus.hgr,no,2,8,0.03,0.000885608856088,0.057,km1,607,607,no
PaToH-S,memplus.hgr,no,3,8,0.03,0,0.057,km1,678,678,no
PaToH-S,memplus.hgr,no,4,8,0.03,0.00162361623616,0.058,km1,669,669,no
PaToH-S,memplus.hgr,no,5,8,0.03,0,0.058,km1,664,664,no
PaToH-S,memplus.hgr,no,1,16,0.03,0.00236127508855,0.083,km1,1132,1132,no
PaToH-S,memplus.hgr,no,2,16,0.03,0.00206611570248,0.086,km1,1055,1055,no
PaToH-S,memplus.hgr,no,3,16,0.03,0,0.085,km1,1163,1163,no
PaToH-S,memplus.hgr,no,4,16,0.03,0.00206611570248,0.084,km1,1135,1135,no
PaToH-S,memplus.hgr,no,5,16,0.03,0.00206611570248,0.084,km1,1127,1127,no
PaToH-S,memplus.hgr,no,1,32,0.03,0.00236127508855,0.109,km1,1845,1845,no
PaToH-S,memplus.hgr,no,2,32,0.03,0.00354191263282,0.109,km1,1797,1797,no
PaToH-S,memplus.hgr,no,3,32,0.03,0,0.111,km1,1863,1863,no
PaToH-S,memplus.hgr,no,4,32,0.03,0.00354191263282,0.11,km1,1830,1830,no
PaToH-S,memplus.hgr,no,5,32,0.03,0.0047225501771,0.11,km1,1783,1783,no
PaToH-S,memplus.hgr,no,1,64,0.03,0.00236127508855,0.134,km1,2701,2701,no
PaToH-S,memplus.hgr,no,2,64,0.03,0.00236127508855,0.135,km1,2705,2705,no
PaToH-S,memplus.hgr,no,3,64,0.03,0.00236127508855,0.139,km1,2765,2765,no
PaToH-S,memplus.hgr,no,4,64,0.03,0.00354191263282,0.136,km1,2683,2683,no
PaToH-S,memplus.hgr,no,5,64,0.03,0.00236127508855,0.135,km1,2639,2639,no
PaToH-S,memplus.hgr,no,1,128,0.03,0.00471698113208,0.162,km1,3994,3994,no
PaToH-S,memplus.hgr,no,2,128,0.03,0.00235849056604,0.164,km1,3919,3919,no
PaToH-S,memplus.hgr,no,3,128,0.03,0.00471698113208,0.164,km1,4020,4020,no
PaToH-S,memplus.hgr,no,4,128,0.03,0.00235849056604,0.163,km1,3977,3977,no
PaToH-S,memplus.hgr,no,5,128,0.03,0.00235849056604,0.166,km1,3928,3928,no
PaToH-S,rhg10.hgr,no,1,2,0.03,0,0.002,km1,15,15,no
PaToH-S,rhg10.hgr,no,2,2,0.03,0,0.002,km1,14,14,no
PaToH-S,rhg10.hgr,no,3,2,0.03,0,0.002,km1,18,18,no
PaToH-S,rhg10.hgr,no,4,2,0.03,0,0.002,km1,14,14,no
PaToH-S,rhg10.hgr,no,5,2,0.03,0,0.002,km1,20,20,no
PaToH-S,rhg10.hgr,no,1,4,0.03,0,0.004,km1,38,38,no
PaToH-S,rhg10.hgr,no,2,4,0.03,0,0.004,km1,55,55,no
PaToH-S,rhg10.hgr,no,3,4,0.03,0,0.004,km1,49,49,no
PaToH-S,rhg10.hgr,no,4,4,0.03,0,0.004,km1,42,42,no
PaToH-S,rhg10.hgr,no,5,4,0.03,0,0.004,km1,40,40,no
PaToH-S,rhg10.hgr,no,1,8,0.03,0,0.006,km1,104,104,no
PaToH-S,rhg10.hgr,no,2,8,0.03,0,0.006,km1,96,96,no
PaToH-S,rhg10.hgr,no,3,8,0.03,0,0.006,km1,98,98,no
PaToH-S,rhg10.hgr,no,4,8,0.03,0,0.006,km1,100,100,no
PaToH-S,rhg10.hgr,no,5,8,0.03,0,0.006,km1,105,105,no
PaToH-S,rhg10.hgr,no,1,16,0.03,0.00456621004566,0.009,km1,199,199,no
PaToH-S,rhg10.hgr,no,2,16,0.03,0,0.009,km1,192,192,no
PaToH-S,rhg10.hgr,no,3,16,0.03,0,0.008,km1,205,205,no
PaToH-S,rhg10.hgr,no,4,16,0.03,0,0.008,km1,191,191,no
PaToH-S,rhg10.hgr,no,5,16,0.03,0,0.009,km1,205,205,no
PaToH-S,rhg10.hgr,no,1,32,0.03,0,0.011,km1,360,360,no
PaToH-S,rhg10.hgr,no,2,32,0.03,0,0.011,km1,361,361,no
PaToH-S,rhg10.hgr,no,3,32,0.03,0,0.011,km1,355,355,no
PaToH-S,rhg10.hgr,no,4,32,0.03,0,0.01,km1,350,350,no
PaToH-S,rhg10.hgr,no,5,32,0.03,0,0.011,km1,357,357,no
PaToH-S,rhg10.hgr,no,1,64,0.03,0,0.013,km1,582,582,no
PaToH-S,rhg10.hgr,no,2,64,0.03,0,0.014,km1,592,592,no
PaToH-S,rhg10.hgr,no,3,64,0.03,0,0.013,km1,578,578,no
PaToH-S,rhg10.hgr,no,4,64,0.03,0,0.014,km1,554,554,no
PaToH-S,rhg10.hgr,no,5,64,0.03,0,0.014,km1,565,565,no
PaToH-S,rhg10.hgr,no,1,128,0.03,0,0.017,km1,937,937,no
PaToH-S,rhg10.hgr,no,2,128,0.03,0,0.017,km1,924,924,no
PaToH-S,rhg10.hgr,no,3,128,0.03,0,0.017,km1,891,891,no
PaToH-S,rhg10.hgr,no,4,128,0.03,0,0.017,km1,919,919,no
PaToH-S,rhg10.hgr,no,5,128,0.03,0,0.017,km1,927,927,no
PaToH-S,rhg11.hgr,no,1,2,0.03,0,0.003,km1,19,19,no
PaToH-S,rhg11.hgr,no,2,2,0.03,0,0.003,km1,19,19,no
PaToH-S,rhg11.hgr,no,3,2,0.03,0,0.004,km1,19,19,no
PaToH-S,rhg11.hgr,no,4,2,0.03,0,0.004,km1,19,19,no
PaToH-S,rhg11.hgr,no,5,2,0.03,0,0.004,km1,28,28,no
PaToH-S,rhg11.hgr,no,1,4,0.03,0,0.007,km1,60,60,no
PaToH-S,rhg11.hgr,no,2,4,0.03,0,0.007,km1,56,56,no
PaToH-S,rhg11.hgr,no,3,4,0.03,0,0.007,km1,57,57,no
PaToH-S,rhg11.hgr,no,4,4,0.03,0,0.007,km1,55,55,no
PaToH-S,rhg11.hgr,no,5,4,0.03,0,0.007,km1,65,65,no
PaToH-S,rhg11.hgr,no,1,8,0.03,0,0.012,km1,138,138,no
PaToH-S,rhg11.hgr,no,2,8,0.03,0,0.011,km1,134,134,no
PaToH-S,rhg11.hgr,no,3,8,0.03,0,0.011,km1,125,125,no
PaToH-S,rhg11.hgr,no,4,8,0.03,0,0.011,km1,135,135,no
PaToH-S,rhg11.hgr,no,5,8,0.03,0,0.011,km1,136,136,no
PaToH-S,rhg11.hgr,no,1,16,0.03,0,0.016,km1,272,272,no
PaToH-S,rhg11.hgr,no,2,16,0.03,0,0.016,km1,275,275,no
PaToH-S,rhg11.hgr,no,3,16,0.03,0,0.016,km1,274,274,no
PaToH-S,rhg11.hgr,no,4,16,0.03,0,0.016,km1,260,260,no
PaToH-S,rhg11.hgr,no,5,16,0.03,0,0.016,km1,261,261,no
PaToH-S,rhg11.hgr,no,1,32,0.03,0,0.021,km1,524,524,no
PaToH-S,rhg11.hgr,no,2,32,0.03,0,0.021,km1,513,513,no
PaToH-S,rhg11.hgr,no,3,32,0.03,0,0.021,km1,535,535,no
PaToH-S,rhg11.hgr,no,4,32,0.03,0,0.021,km1,537,537,no
PaToH-S,rhg11.hgr,no,5,32,0.03,0,0.021,km1,485,485,no
PaToH-S,rhg11.hgr,no,1,64,0.03,0,0.027,km1,852,852,no
PaToH-S,rhg11.hgr,no,2,64,0.03,0,0.027,km1,850,850,no
PaToH-S,rhg11.hgr,no,3,64,0.03,0,0.027,km1,846,846,no
PaToH-S,rhg11.hgr,no,4,64,0.03,0,0.027,km1,847,847,no
PaToH-S,rhg11.hgr,no,5,64,0.03,0,0.027,km1,881,881,no
PaToH-S,rhg11.hgr,no,1,128,0.03,0,0.033,km1,1374,1374,no
PaToH-S,rhg11.hgr,no,2,128,0.03,0,0.032,km1,1397,1397,no
PaToH-S,rhg11.hgr,no,3,128,0.03,0,0.033,km1,1392,1392,no
PaToH-S,rhg11.hgr,no,4,128,0.03,0,0.032,km1,1396,1396,no
PaToH-S,rhg11.hgr,no,5,128,0.03,0,0.033,km1,1374,1374,no
PaToH-S,rhg12.hgr,no,1,2,0.03,0,0.006,km1,39,39,no
PaToH-S,rhg12.hgr,no,2,2,0.03,0,0.006,km1,35,35,no
PaToH-S,rhg12.hgr,no,3,2,0.03,0,0.006,km1,37,37,no
PaToH-S,rhg12.hgr,no,4,2,0.03,0,0.006,km1,35,35,no
PaToH-S,rhg12.hgr,no,5,2,0.03,0,0.006,km1,29,29,no
PaToH-S,rhg12.hgr,no,1,4,0.03,0,0.012,km1,87,87,no
PaToH-S,rhg12.hgr,no,2,4,0.03,0,0.012,km1,87,87,no
PaToH-S,rhg12.hgr,no,3,4,0.03,0,0.012,km1,99,99,no
PaToH-S,rhg12.hgr,no,4,4,0.03,0,0.012,km1,84,84,no
PaToH-S,rhg12.hgr,no,5,4,0.03,0,0.012,km1,94,94,no
PaToH-S,rhg12.hgr,no,1,8,0.03,0,0.019,km1,166,166,no
PaToH-S,rhg12.hgr,no,2,8,0.03,0,0.019,km1,175,175,no
PaToH-S,rhg12.hgr,no,3,8,0.03,0,0.019,km1,196,196,no
PaToH-S,rhg12.hgr,no,4,8,0.03,0,0.019,km1,179,179,no
PaToH-S,rhg12.hgr,no,5,8,0.03,0,0.018,km1,177,177,no
PaToH-S,rhg12.hgr,no,1,16,0.03,0,0.027,km1,337,337,no
PaToH-S,rhg12.hgr,no,2,16,0.03,0,0.027,km1,356,356,no
PaToH-S,rhg12.hgr,no,3,16,0.03,0,0.027,km1,357,357,no
PaToH-S,rhg12.hgr,no,4,16,0.03,0,0.027,km1,332,332,no
PaToH-S,rhg12.hgr,no,5,16,0.03,0,0.027,km1,349,349,no
PaToH-S,rhg12.hgr,no,1,32,0.03,0,0.036,km1,638,638,no
PaToH-S,rhg12.hgr,no,2,32,0.03,0,0.035,km1,639,639,no
PaToH-S,rhg12.hgr,no,3,32,0.03,0,0.039,km1,641,641,no
PaToH-S,rhg12.hgr,no,4,32,0.03,0,0.036,km1,627,627,no
PaToH-S,rhg12.hgr,no,5,32,0.03,0,0.036,km1,652,652,no
PaToH-S,rhg12.hgr,no,1,64,0.03,0,0.045,km1,1096,1096,no
PaToH-S,rhg12.hgr,no,2,64,0.03,0,0.045,km1,1090,1090,no
PaToH-S,rhg12.hgr,no,3,64,0.03,0,0.045,km1,1146,1146,no
PaToH-S,rhg12.hgr,no,4,64,0.03,0,0.045,km1,1100,1100,no
PaToH-S,rhg12.hgr,no,5,64,0.03,0,0.045,km1,1070,1070,no
PaToH-S,rhg12.hgr,no,1,128,0.03,0,0.055,km1,1782,1782,no
PaToH-S,rhg12.hgr,no,2,128,0.03,0,0.055,km1,1783,1783,no
PaToH-S,rhg12.hgr,no,3,128,0.03,0,0.055,km1,1758,1758,no
PaToH-S,rhg12.hgr,no,4,128,0.03,0,0.055,km1,1777,1777,no
PaToH-S,rhg12.hgr,no,5,128,0.03,0,0.056,km1,1810,1810,no
PaToH-S,rhg13.hgr,no,1,2,0.03,0,0.013,km1,48,48,no
PaToH-S,rhg13.hgr,no,2,2,0.03,0.0172743498215,0.013,km1,46,46,no
PaToH-S,rhg13.hgr,no,3,2,0.03,0.0167006629271,0.013,km1,44,44,no
PaToH-S,rhg13.hgr,no,4,2,0.03,0,0.013,km1,47,47,no
PaToH-S,rhg13.hgr,no,5,2,0.03,0,0.014,km1,51,51,no
PaToH-S,rhg13.hgr,no,1,4,0.03,0.00050994390617,0.024,km1,114,114,no
PaToH-S,rhg13.hgr,no,2,4,0.03,0.000382457929628,0.024,km1,106,106,no
PaToH-S,rhg13.hgr,no,3,4,0.03,0.00497195308516,0.024,km1,100,100,no
PaToH-S,rhg13.hgr,no,4,4,0.03,0,0.024,km1,129,129,no
PaToH-S,rhg13.hgr,no,5,4,0.03,0,0.024,km1,126,126,no
PaToH-S,rhg13.hgr,no,1,8,0.03,0,0.037,km1,241,241,no
PaToH-S,rhg13.hgr,no,2,8,0.03,0.00050994390617,0.036,km1,219,219,no
PaToH-S,rhg13.hgr,no,3,8,0.03,0.00382457929628,0.037,km1,225,225,no
PaToH-S,rhg13.hgr,no,4,8,0.03,0,0.037,km1,258,258,no
PaToH-S,rhg13.hgr,no,5,8,0.03,0,0.038,km1,232,232,no
PaToH-S,rhg13.hgr,no,1,16,0.03,0,0.053,km1,474,474,no
PaToH-S,rhg13.hgr,no,2,16,0.03,0,0.051,km1,455,455,no
PaToH-S,rhg13.hgr,no,3,16,0.03,0,0.051,km1,489,489,no
PaToH-S,rhg13.hgr,no,4,16,0.03,0,0.051,km1,493,493,no
PaToH-S,rhg13.hgr,no,5,16,0.03,0,0.051,km1,474,474,no
PaToH-S,rhg13.hgr,no,1,32,0.03,0,0.068,km1,830,830,no
PaToH-S,rhg13.hgr,no,2,32,0.03,0,0.067,km1,869,869,no
PaToH-S,rhg13.hgr,no,3,32,0.03,0,0.067,km1,853,853,no
PaToH-S,rhg13.hgr,no,4,32,0.03,0,0.067,km1,847,847,no
PaToH-S,rhg13.hgr,no,5,32,0.03,0,0.067,km1,900,900,no
PaToH-S,rhg13.hgr,no,1,64,0.03,0,0.087,km1,1490,1490,no
PaToH-S,rhg13.hgr,no,2,64,0.03,0,0.086,km1,1554,1554,no
PaToH-S,rhg13.hgr,no,3,64,0.03,0,0.088,km1,1501,1501,no
PaToH-S,rhg13.hgr,no,4,64,0.03,0,0.088,km1,1519,1519,no
PaToH-S,rhg13.hgr,no,5,64,0.03,0,0.086,km1,1473,1473,no
PaToH-S,rhg13.hgr,no,1,128,0.03,0,0.108,km1,2530,2530,no
PaToH-S,rhg13.hgr,no,2,128,0.03,0,0.106,km1,2543,2543,no
PaToH-S,rhg13.hgr,no,3,128,0.03,0,0.107,km1,2541,2541,no
PaToH-S,rhg13.hgr,no,4,128,0.03,0,0.107,km1,2578,2578,no
PaToH-S,rhg13.hgr,no,5,128,0.03,0,0.107,km1,2527,2527,no
PaToH-S,rhg14.hgr,no,1,2,0.03,0,0.028,km1,97,97,no
PaToH-S,rhg14.hgr,no,2,2,0.03,0,0.029,km1,75,75,no
PaToH-S,rhg14.hgr,no,3,2,0.03,0.00628874847972,0.028,km1,76,76,no
PaToH-S,rhg14.hgr,no,4,2,0.03,0,0.028,km1,77,77,no
PaToH-S,rhg14.hgr,no,5,2,0.03,0,0.028,km1,98,98,no
PaToH-S,rhg14.hgr,no,1,4,0.03,0,0.052,km1,199,199,no
PaToH-S,rhg14.hgr,no,2,4,0.03,0.00646654010441,0.051,km1,175,175,no
PaToH-S,rhg14.hgr,no,3,4,0.03,0,0.051,km1,180,180,no
PaToH-S,rhg14.hgr,no,4,4,0.03,0.00723777883246,0.051,km1,166,166,no
PaToH-S,rhg14.hgr,no,5,4,0.03,0,0.051,km1,174,174,no
PaToH-S,rhg14.hgr,no,1,8,0.03,0,0.076,km1,342,342,no
PaToH-S,rhg14.hgr,no,2,8,0.03,0.00355956336023,0.077,km1,363,363,no
PaToH-S,rhg14.hgr,no,3,8,0.03,0,0.078,km1,365,365,no
PaToH-S,rhg14.hgr,no,4,8,0.03,0,0.076,km1,339,339,no
PaToH-S,rhg14.hgr,no,5,8,0.03,0,0.077,km1,386,386,no
PaToH-S,rhg14.hgr,no,1,16,0.03,0.00213573801614,0.104,km1,638,638,no
PaToH-S,rhg14.hgr,no,2,16,0.03,0.00355956336023,0.104,km1,646,646,no
PaToH-S,rhg14.hgr,no,3,16,0.03,0,0.104,km1,633,633,no
PaToH-S,rhg14.hgr,no,4,16,0.03,0,0.105,km1,635,635,no
PaToH-S,rhg14.hgr,no,5,16,0.03,0,0.103,km1,638,638,no
PaToH-S,rhg14.hgr,no,1,32,0.03,0.000949216896061,0.134,km1,1160,1160,no
PaToH-S,rhg14.hgr,no,2,32,0.03,0.00664451827243,0.135,km1,1151,1151,no
PaToH-S,rhg14.hgr,no,3,32,0.03,0,0.136,km1,1113,1113,no
PaToH-S,rhg14.hgr,no,4,32,0.03,0,0.137,km1,1133,1133,no
PaToH-S,rhg14.hgr,no,5,32,0.03,0,0.135,km1,1194,1194,no
PaToH-S,rhg14.hgr,no,1,64,0.03,0,0.172,km1,1996,1996,no
PaToH-S,rhg14.hgr,no,2,64,0.03,0.00189753320683,0.168,km1,2029,2029,no
PaToH-S,rhg14.hgr,no,3,64,0.03,0,0.17,km1,2069,2069,no
PaToH-S,rhg14.hgr,no,4,64,0.03,0,0.169,km1,2024,2024,no
PaToH-S,rhg14.hgr,no,5,64,0.03,0,0.17,km1,2075,2075,no
PaToH-S,rhg14.hgr,no,1,128,0.03,0,0.208,km1,3384,3384,no
PaToH-S,rhg14.hgr,no,2,128,0.03,0,0.21,km1,3437,3437,no
PaToH-S,rhg14.hgr,no,3,128,0.03,0,0.219,km1,3394,3394,no
PaToH-S,rhg14.hgr,no,4,128,0.03,0,0.211,km1,3454,3454,no
PaToH-S,rhg14.hgr,no,5,128,0.03,0.00189753320683,0.208,km1,3438,3438,no
PaToH-S,rhg15.hgr,no,1,2,0.03,0,0.06,km1,171,171,no
PaToH-S,rhg15.hgr,no,2,2,0.03,0.01837858419,0.06,km1,163,163,no
PaToH-S,rhg15.hgr,no,3,2,0.03,0.0189643557977,0.059,km1,157,157,no
PaToH-S,rhg15.hgr,no,4,2,0.03,0,0.059,km1,221,221,no
PaToH-S,rhg15.hgr,no,5,2,0.03,0,0.06,km1,178,178,no
PaToH-S,rhg15.hgr,no,1,4,0.03,0.00328032100284,0.109,km1,331,331,no
PaToH-S,rhg15.hgr,no,2,4,0.03,0.00404182409279,0.108,km1,298,298,no
PaToH-S,rhg15.hgr,no,3,4,0.03,0.000146442901912,0.109,km1,343,343,no
PaToH-S,rhg15.hgr,no,4,4,0.03,0,0.108,km1,397,397,no
PaToH-S,rhg15.hgr,no,5,4,0.03,0,0.109,km1,321,321,no
PaToH-S,rhg15.hgr,no,1,8,0.03,0.00410028116214,0.161,km1,573,573,no
PaToH-S,rhg15.hgr,no,2,8,0.03,0.000878631677601,0.157,km1,556,556,no
PaToH-S,rhg15.hgr,no,3,8,0.03,0.000117150890347,0.161,km1,615,615,no
PaToH-S,rhg15.hgr,no,4,8,0.03,0,0.159,km1,642,642,no
PaToH-S,rhg15.hgr,no,5,8,0.03,0,0.161,km1,506,506,no
PaToH-S,rhg15.hgr,no,1,16,0.03,0.00152296157451,0.214,km1,944,944,no
PaToH-S,rhg15.hgr,no,2,16,0.03,0.000937207122774,0.215,km1,957,957,no
PaToH-S,rhg15.hgr,no,3,16,0.03,0.000234301780694,0.212,km1,948,948,no
PaToH-S,rhg15.hgr,no,4,16,0.03,0,0.22,km1,975,975,no
PaToH-S,rhg15.hgr,no,5,16,0.03,0,0.214,km1,925,925,no
PaToH-S,rhg15.hgr,no,1,32,0.03,0.00281162136832,0.273,km1,1587,1587,no
PaToH-S,rhg15.hgr,no,2,32,0.03,0.000937207122774,0.273,km1,1697,1697,no
PaToH-S,rhg15.hgr,no,3,32,0.03,0.000234301780694,0.269,km1,1630,1630,no
PaToH-S,rhg15.hgr,no,4,32,0.03,0,0.274,km1,1763,1763,no
PaToH-S,rhg15.hgr,no,5,32,0.03,0,0.273,km1,1600,1600,no
PaToH-S,rhg15.hgr,no,1,64,0.03,0,0.335,km1,2654,2654,no
PaToH-S,rhg15.hgr,no,2,64,0.03,0.000937207122774,0.338,km1,2716,2716,no
PaToH-S,rhg15.hgr,no,3,64,0.03,0.000468603561387,0.335,km1,2819,2819,no
PaToH-S,rhg15.hgr,no,4,64,0.03,0.00328022492971,0.337,km1,2919,2919,no
PaToH-S,rhg15.hgr,no,5,64,0.03,0,0.336,km1,2694,2694,no
PaToH-S,rhg15.hgr,no,1,128,0.03,0,0.406,km1,4477,4477,no
PaToH-S,rhg15.hgr,no,2,128,0.03,0.000937207122774,0.408,km1,4480,4480,no
PaToH-S,rhg15.hgr,no,3,128,0.03,0.000937207122774,0.404,km1,4525,4525,no
PaToH-S,rhg15.hgr,no,4,128,0.03,0,0.408,km1,4649,4649,no
PaToH-S,rhg15.hgr,no,5,128,0.03,0,0.41,km1,4401,4401,no
PaToH-S,rhg16.hgr,no,1,2,0.03,0.0106650809341,0.124,km1,298,298,no
PaToH-S,rhg16.hgr,no,2,2,0.03,0.00787717780798,0.125,km1,301,301,no
PaToH-S,rhg16.hgr,no,3,2,0.03,0,0.125,km1,299,299,no
PaToH-S,rhg16.hgr,no,4,2,0.03,0,0.126,km1,311,311,no
PaToH-S,rhg16.hgr,no,5,2,0.03,0,0.125,km1,319,319,no
PaToH-S,rhg16.hgr,no,1,4,0.03,0.0188743358458,0.236,km1,587,587,no
PaToH-S,rhg16.hgr,no,2,4,0.03,0.00846410478191,0.226,km1,540,540,no
PaToH-S,rhg16.hgr,no,3,4,0.03,0.0091745953293,0.229,km1,552,552,no
PaToH-S,rhg16.hgr,no,4,4,0.03,0.00902014086247,0.226,km1,532,532,no
PaToH-S,rhg16.hgr,no,5,4,0.03,0.00139009020141,0.227,km1,552,552,no
PaToH-S,rhg16.hgr,no,1,8,0.03,0.00620906956629,0.33,km1,878,878,no
PaToH-S,rhg16.hgr,no,2,8,0.03,0.0128197207463,0.329,km1,813,813,no
PaToH-S,rhg16.hgr,no,3,8,0.03,0.00633263313975,0.331,km1,921,921,no
PaToH-S,rhg16.hgr,no,4,8,0.03,0.00488076115161,0.329,km1,855,855,no
PaToH-S,rhg16.hgr,no,5,8,0.03,0.00151365377487,0.33,km1,895,895,no
PaToH-S,rhg16.hgr,no,1,16,0.03,0.0014827628815,0.428,km1,1406,1406,no
PaToH-S,rhg16.hgr,no,2,16,0.03,0.00691956011368,0.431,km1,1362,1362,no
PaToH-S,rhg16.hgr,no,3,16,0.03,0.00444828864451,0.435,km1,1367,1367,no
PaToH-S,rhg16.hgr,no,4,16,0.03,0.00111207216113,0.428,km1,1388,1388,no
PaToH-S,rhg16.hgr,no,5,16,0.03,0.00302730754973,0.429,km1,1371,1371,no
PaToH-S,rhg16.hgr,no,1,32,0.03,0.00494254293834,0.532,km1,2246,2246,no
PaToH-S,rhg16.hgr,no,2,32,0.03,0.00383047077721,0.547,km1,2305,2305,no
PaToH-S,rhg16.hgr,no,3,32,0.03,0.00135919930804,0.539,km1,2199,2199,no
PaToH-S,rhg16.hgr,no,4,32,0.03,0.000123563573458,0.546,km1,2274,2274,no
PaToH-S,rhg16.hgr,no,5,32,0.03,0.00370690720376,0.537,km1,2297,2297,no
PaToH-S,rhg16.hgr,no,1,64,0.03,0.00172967630343,0.653,km1,3662,3662,no
PaToH-S,rhg16.hgr,no,2,64,0.03,0.00197677291821,0.647,km1,3607,3607,no
PaToH-S,rhg16.hgr,no,3,64,0.03,0.00296515937732,0.661,km1,3697,3697,no
PaToH-S,rhg16.hgr,no,4,64,0.03,0.000741289844329,0.652,km1,3557,3557,no
PaToH-S,rhg16.hgr,no,5,64,0.03,0.00296515937732,0.653,km1,3743,3743,no
PaToH-S,rhg16.hgr,no,1,128,0.03,0,0.777,km1,5888,5888,no
PaToH-S,rhg16.hgr,no,2,128,0.03,0,0.777,km1,5845,5845,no
PaToH-S,rhg16.hgr,no,3,128,0.03,0.00247035573123,0.782,km1,5906,5906,no
PaToH-S,rhg16.hgr,no,4,128,0.03,0,0.789,km1,5894,5894,no
PaToH-S,rhg16.hgr,no,5,128,0.03,0.00197628458498,0.78,km1,5894,5894,no
PaToH-S,rhg17.hgr,no,1,2,0.03,0,0.273,km1,787,787,no
PaToH-S,rhg17.hgr,no,2,2,0.03,0,0.267,km1,538,538,no
PaToH-S,rhg17.hgr,no,3,2,0.03,0,0.272,km1,512,512,no
PaToH-S,rhg17.hgr,no,4,2,0.03,0,0.268,km1,534,534,no
PaToH-S,rhg17.hgr,no,5,2,0.03,0.00346633323842,0.268,km1,530,530,no
PaToH-S,rhg17.hgr,no,1,4,0.03,0.00472079626298,0.479,km1,1335,1335,no
PaToH-S,rhg17.hgr,no,2,4,0.03,0.00930954228084,0.478,km1,977,977,no
PaToH-S,rhg17.hgr,no,3,4,0.03,0.00472079626298,0.478,km1,938,938,no
PaToH-S,rhg17.hgr,no,4,4,0.03,0.00102338939967,0.482,km1,922,922,no
PaToH-S,rhg17.hgr,no,5,4,0.03,0.0044401894921,0.477,km1,950,950,no
PaToH-S,rhg17.hgr,no,1,8,0.03,0.00472079626298,0.693,km1,1921,1921,no
PaToH-S,rhg17.hgr,no,2,8,0.03,0.0090454417906,0.684,km1,1362,1362,no
PaToH-S,rhg17.hgr,no,3,8,0.03,0.00727926976214,0.689,km1,1455,1455,no
PaToH-S,rhg17.hgr,no,4,8,0.03,0.00510044071769,0.684,km1,1338,1338,no
PaToH-S,rhg17.hgr,no,5,8,0.03,0.0044401894921,0.682,km1,1443,1443,no
PaToH-S,rhg17.hgr,no,1,16,0.03,0.00472071834148,0.89,km1,2523,2523,no
PaToH-S,rhg17.hgr,no,2,16,0.03,0.00719661956952,0.876,km1,1978,1978,no
PaToH-S,rhg17.hgr,no,3,16,0.03,0.00455565825961,0.879,km1,1931,1931,no
PaToH-S,rhg17.hgr,no,4,16,0.03,0.00706457150403,0.881,km1,1990,1990,no
PaToH-S,rhg17.hgr,no,5,16,0.03,0.00491879043972,0.873,km1,2037,2037,no
PaToH-S,rhg17.hgr,no,1,32,0.03,0.00277300937541,1.069,km1,3518,3518,no
PaToH-S,rhg17.hgr,no,2,32,0.03,0.00211276904793,1.079,km1,3204,3204,no
PaToH-S,rhg17.hgr,no,3,32,0.03,0.00462168229235,1.07,km1,3158,3158,no
PaToH-S,rhg17.hgr,no,4,32,0.03,0.0064703552093,1.072,km1,2982,2982,no
PaToH-S,rhg17.hgr,no,5,32,0.03,0.00290505744091,1.078,km1,2882,2882,no
PaToH-S,rhg17.hgr,no,1,64,0.03,0.0030371055064,1.267,km1,5606,5606,no
PaToH-S,rhg17.hgr,no,2,64,0.03,0.00224481711343,1.276,km1,4787,4787,no
PaToH-S,rhg17.hgr,no,3,64,0.03,0.000924336458471,1.284,km1,4913,4913,no
PaToH-S,rhg17.hgr,no,4,64,0.03,0.00105638452397,1.265,km1,4771,4771,no
PaToH-S,rhg17.hgr,no,5,64,0.03,0.00343324970289,1.277,km1,4667,4667,no
PaToH-S,rhg17.hgr,no,1,128,0.03,0.00264061262213,1.51,km1,8571,8571,no
PaToH-S,rhg17.hgr,no,2,128,0.03,0.000792183786638,1.496,km1,7718,7718,no
PaToH-S,rhg17.hgr,no,3,128,0.03,0.0021124900977,1.503,km1,7659,7659,no
PaToH-S,rhg17.hgr,no,4,128,0.03,0.00290467388434,1.498,km1,7714,7714,no
PaToH-S,rhg17.hgr,no,5,128,0.03,0.00396091893319,1.497,km1,8191,8191,no
PaToH-S,rhg18.hgr,no,1,2,0.03,0,0.674,km1,1190,1190,no
PaToH-S,rhg18.hgr,no,2,2,0.03,0,0.677,km1,1620,1620,no
PaToH-S,rhg18.hgr,no,3,2,0.03,0,0.677,km1,1116,1116,no
PaToH-S,rhg18.hgr,no,4,2,0.03,0,0.677,km1,1098,1098,no
PaToH-S,rhg18.hgr,no,5,2,0.03,0,0.679,km1,1141,1141,no
PaToH-S,rhg18.hgr,no,1,4,0.03,0.000887095794194,1.182,km1,2115,2115,no
PaToH-S,rhg18.hgr,no,2,4,0.03,0.00166482361376,1.183,km1,2784,2784,no
PaToH-S,rhg18.hgr,no,3,4,0.03,0.00343901520215,1.167,km1,2020,2020,no
PaToH-S,rhg18.hgr,no,4,4,0.03,0.00380357511757,1.167,km1,1995,1995,no
PaToH-S,rhg18.hgr,no,5,4,0.03,0.00945830447234,1.17,km1,2015,2015,no
PaToH-S,rhg18.hgr,no,1,8,0.03,0.0135129661285,1.652,km1,2863,2863,no
PaToH-S,rhg18.hgr,no,2,8,0.03,0.00147443635215,1.665,km1,3463,3463,no
PaToH-S,rhg18.hgr,no,3,8,0.03,0.00722635838525,1.64,km1,2820,2820,no
PaToH-S,rhg18.hgr,no,4,8,0.03,0.0123949869164,1.661,km1,2910,2910,no
PaToH-S,rhg18.hgr,no,5,8,0.03,0.0111473869261,1.653,km1,3048,3048,no
PaToH-S,rhg18.hgr,no,1,16,0.03,0.00255998963042,2.126,km1,3800,3800,no
PaToH-S,rhg18.hgr,no,2,16,0.03,0.00299745621284,2.136,km1,4501,4501,no
PaToH-S,rhg18.hgr,no,3,16,0.03,0.00941363275491,2.109,km1,3704,3704,no
PaToH-S,rhg18.hgr,no,4,16,0.03,0.00873312918226,2.103,km1,3669,3669,no
PaToH-S,rhg18.hgr,no,5,16,0.03,0.0128485555502,2.123,km1,3992,3992,no
PaToH-S,rhg18.hgr,no,1,32,0.03,0.00359688917693,2.532,km1,5058,5058,no
PaToH-S,rhg18.hgr,no,2,32,0.03,0.00353208036293,2.549,km1,6146,6146,no
PaToH-S,rhg18.hgr,no,3,32,0.03,0.00706416072586,2.526,km1,5209,5209,no
PaToH-S,rhg18.hgr,no,4,32,0.03,0.00774465327285,2.537,km1,5149,5149,no
PaToH-S,rhg18.hgr,no,5,32,0.03,0.0051523007129,2.514,km1,5203,5203,no
PaToH-S,rhg18.hgr,no,1,64,0.03,0.00622164614388,2.934,km1,7716,7716,no
PaToH-S,rhg18.hgr,no,2,64,0.03,0.00252754374595,2.93,km1,8890,8890,no
PaToH-S,rhg18.hgr,no,3,64,0.03,0.00686973428386,2.915,km1,7373,7373,no
PaToH-S,rhg18.hgr,no,4,64,0.03,0.0047958522359,2.926,km1,7761,7761,no
PaToH-S,rhg18.hgr,no,5,64,0.03,0.00395333765392,2.918,km1,7738,7738,no
PaToH-S,rhg18.hgr,no,1,128,0.03,0.00233311730395,3.368,km1,11605,11605,no
PaToH-S,rhg18.hgr,no,2,128,0.03,0.00051847051199,3.401,km1,13087,13087,no
PaToH-S,rhg18.hgr,no,3,128,0.03,0.00155541153597,3.374,km1,11810,11810,no
PaToH-S,rhg18.hgr,no,4,128,0.03,0.00220349967596,3.412,km1,12031,12031,no
PaToH-S,rhg18.hgr,no,5,128,0.03,0.00285158781594,3.367,km1,12093,12093,no
PaToH-S,scircuit_spmv.hgr,no,1,2,0.03,0.0190753084669,0.787,km1,324,324,no
PaToH-S,scircuit_spmv.hgr,no,2,2,0.03,0.0194194398792,0.781,km1,354,354,no
PaToH-S,scircuit_spmv.hgr,no,3,2,0.03,0.0198219693494,0.785,km1,132,132,no
PaToH-S,scircuit_spmv.hgr,no,4,2,0.03,0.0195362359949,0.783,km1,423,423,no
PaToH-S,scircuit_spmv.hgr,no,5,2,0.03,0.01872074883,0.781,km1,152,152,no
PaToH-S,scircuit_spmv.hgr,no,1,4,0.03,0.0137026871449,1.368,km1,450,450,no
PaToH-S,scircuit_spmv.hgr,no,2,4,0.03,0.0198511683783,1.37,km1,680,680,no
PaToH-S,scircuit_spmv.hgr,no,3,4,0.03,0.0143909499695,1.363,km1,497,497,no
PaToH-S,scircuit_spmv.hgr,no,4,4,0.03,0.0176737550785,1.347,km1,494,494,no
PaToH-S,scircuit_spmv.hgr,no,5,4,0.03,0.00961065180575,1.355,km1,400,400,no
PaToH-S,scircuit_spmv.hgr,no,1,8,0.03,0.0106284465282,1.877,km1,859,859,no
PaToH-S,scircuit_spmv.hgr,no,2,8,0.03,0.0126056379154,1.876,km1,778,778,no
PaToH-S,scircuit_spmv.hgr,no,3,8,0.03,0.00893490285066,1.877,km1,832,832,no
PaToH-S,scircuit_spmv.hgr,no,4,8,0.03,0.0128642578858,1.904,km1,924,924,no
PaToH-S,scircuit_spmv.hgr,no,5,8,0.03,0.0129059707843,1.903,km1,846,846,no
PaToH-S,scircuit_spmv.hgr,no,1,16,0.03,0.00619014249007,2.359,km1,1533,1533,no
PaToH-S,scircuit_spmv.hgr,no,2,16,0.03,0.0129475756666,2.368,km1,1486,1486,no
PaToH-S,scircuit_spmv.hgr,no,3,16,0.03,0.00502219107685,2.367,km1,1442,1442,no
PaToH-S,scircuit_spmv.hgr,no,4,16,0.03,0.0139987319385,2.367,km1,1479,1479,no
PaToH-S,scircuit_spmv.hgr,no,5,16,0.03,0.012897520606,2.359,km1,1450,1450,no
PaToH-S,scircuit_spmv.hgr,no,1,32,0.03,0.00737477892348,2.789,km1,2483,2483,no
PaToH-S,scircuit_spmv.hgr,no,2,32,0.03,0.0118129942937,2.784,km1,2630,2630,no
PaToH-S,scircuit_spmv.hgr,no,3,32,0.03,0.00780858944839,2.8,km1,2585,2585,no
PaToH-S,scircuit_spmv.hgr,no,4,32,0.03,0.00503887609704,2.776,km1,2409,2409,no
PaToH-S,scircuit_spmv.hgr,no,5,32,0.03,0.0104781926786,2.79,km1,2513,2513,no
PaToH-S,scircuit_spmv.hgr,no,1,64,0.03,0.0100774159103,3.186,km1,4204,4204,no
PaToH-S,scircuit_spmv.hgr,no,2,64,0.03,0.00654030966364,3.167,km1,4187,4187,no
PaToH-S,scircuit_spmv.hgr,no,3,64,0.03,0.00914308595836,3.191,km1,3994,3994,no
PaToH-S,scircuit_spmv.hgr,no,4,64,0.03,0.00867592098238,3.183,km1,4111,4111,no
PaToH-S,scircuit_spmv.hgr,no,5,64,0.03,0.0100106780566,3.182,km1,4357,4357,no
PaToH-S,scircuit_spmv.hgr,no,1,128,0.03,0.00640683395622,3.602,km1,6930,6930,no
PaToH-S,scircuit_spmv.hgr,no,2,128,0.03,0.0081420181527,3.586,km1,6766,6766,no
PaToH-S,scircuit_spmv.hgr,no,3,128,0.03,0.0106780565937,3.607,km1,6925,6925,no
PaToH-S,scircuit_spmv.hgr,no,4,128,0.03,0.00680726107848,3.595,km1,6748,6748,no
PaToH-S,scircuit_spmv.hgr,no,5,128,0.03,0.0100106780566,3.584,km1,6947,6947,no
PaToH-S,t60k.hgr,no,1,2,0.03,0.00851967799642,0.028,km1,79,79,no
PaToH-S,t60k.hgr,no,2,2,0.03,0.008385509839,0.028,km1,80,80,no
PaToH-S,t60k.hgr,no,3,2,0.03,0.0141994633274,0.028,km1,79,79,no
PaToH-S,t60k.hgr,no,4,2,0.03,0.0107110912343,0.028,km1,73,73,no
PaToH-S,t60k.hgr,no,5,2,0.03,0.0137298747764,0.028,km1,79,79,no
PaToH-S,t60k.hgr,no,1,4,0.03,0.00769230769231,0.048,km1,227,227,no
PaToH-S,t60k.hgr,no,2,4,0.03,0,0.049,km1,224,224,no
PaToH-S,t60k.hgr,no,3,4,0.03,0,0.049,km1,220,220,no
PaToH-S,t60k.hgr,no,4,4,0.03,0,0.048,km1,216,216,no
PaToH-S,t60k.hgr,no,5,4,0.03,0,0.048,km1,260,260,no
PaToH-S,t60k.hgr,no,1,8,0.03,0,0.068,km1,521,521,no
PaToH-S,t60k.hgr,no,2,8,0.03,0,0.068,km1,503,503,no
PaToH-S,t60k.hgr,no,3,8,0.03,0,0.069,km1,496,496,no
PaToH-S,t60k.hgr,no,4,8,0.03,0,0.068,km1,503,503,no
PaToH-S,t60k.hgr,no,5,8,0.03,0,0.068,km1,482,482,no
PaToH-S,t60k.hgr,no,1,16,0.03,0,0.089,km1,959,959,no
PaToH-S,t60k.hgr,no,2,16,0.03,0,0.089,km1,960,960,no
PaToH-S,t60k.hgr,no,3,16,0.03,0,0.089,km1,953,953,no
PaToH-S,t60k.hgr,no,4,16,0.03,0,0.09,km1,1047,1047,no
PaToH-S,t60k.hgr,no,5,16,0.03,0,0.089,km1,905,905,no
PaToH-S,t60k.hgr,no,1,32,0.03,0,0.111,km1,1616,1616,no
PaToH-S,t60k.hgr,no,2,32,0.03,0,0.112,km1,1573,1573,no
PaToH-S,t60k.hgr,no,3,32,0.03,0.00357781753131,0.111,km1,1527,1527,no
PaToH-S,t60k.hgr,no,4,32,0.03,0,0.112,km1,1579,1579,no
PaToH-S,t60k.hgr,no,5,32,0.03,0,0.112,km1,1614,1614,no
PaToH-S,t60k.hgr,no,1,64,0.03,0.00286123032904,0.137,km1,2462,2462,no
PaToH-S,t60k.hgr,no,2,64,0.03,0,0.138,km1,2440,2440,no
PaToH-S,t60k.hgr,no,3,64,0.03,0,0.138,km1,2493,2493,no
PaToH-S,t60k.hgr,no,4,64,0.03,0.00071530758226,0.137,km1,2506,2506,no
PaToH-S,t60k.hgr,no,5,64,0.03,0,0.138,km1,2477,2477,no
PaToH-S,t60k.hgr,no,1,128,0.03,0,0.165,km1,3757,3757,no
PaToH-S,t60k.hgr,no,2,128,0.03,0.00286123032904,0.164,km1,3756,3756,no
PaToH-S,t60k.hgr,no,3,128,0.03,0,0.172,km1,3771,3771,no
PaToH-S,t60k.hgr,no,4,128,0.03,0,0.164,km1,3750,3750,no
PaToH-S,t60k.hgr,no,5,128,0.03,0.00143061516452,0.164,km1,3756,3756,no
PaToH-S,uk.hgr,no,1,2,0.03,0,0.003,km1,21,21,no
PaToH-S,uk.hgr,no,2,2,0.03,0.0187189236619,0.003,km1,21,21,no
PaToH-S,uk.hgr,no,3,2,0.03,0,0.002,km1,25,25,no
PaToH-S,uk.hgr,no,4,2,0.03,0.0172565077508,0.002,km1,28,28,no
PaToH-S,uk.hgr,no,5,2,0.03,0.00877449546651,0.002,km1,27,27,no
PaToH-S,uk.hgr,no,1,4,0.03,0,0.005,km1,52,52,no
PaToH-S,uk.hgr,no,2,4,0.03,0.000584795321637,0.005,km1,51,51,no
PaToH-S,uk.hgr,no,3,4,0.03,0.00175438596491,0.005,km1,49,49,no
PaToH-S,uk.hgr,no,4,4,0.03,0,0.005,km1,48,48,no
PaToH-S,uk.hgr,no,5,4,0.03,0,0.005,km1,62,62,no
PaToH-S,uk.hgr,no,1,8,0.03,0.00116959064327,0.007,km1,102,102,no
PaToH-S,uk.hgr,no,2,8,0.03,0,0.007,km1,112,112,no
PaToH-S,uk.hgr,no,3,8,0.03,0,0.007,km1,97,97,no
PaToH-S,uk.hgr,no,4,8,0.03,0,0.007,km1,105,105,no
PaToH-S,uk.hgr,no,5,8,0.03,0.00116959064327,0.007,km1,97,97,no
PaToH-S,uk.hgr,no,1,16,0.03,0,0.01,km1,191,191,no
PaToH-S,uk.hgr,no,2,16,0.03,0,0.01,km1,186,186,no
PaToH-S,uk.hgr,no,3,16,0.03,0.00233644859813,0.009,km1,188,188,no
PaToH-S,uk.hgr,no,4,16,0.03,0,0.01,km1,194,194,no
PaToH-S,uk.hgr,no,5,16,0.03,0,0.009,km1,195,195,no
PaToH-S,uk.hgr,no,1,32,0.03,0.00467289719626,0.012,km1,338,338,no
PaToH-S,uk.hgr,no,2,32,0.03,0,0.012,km1,309,309,no
PaToH-S,uk.hgr,no,3,32,0.03,0,0.012,km1,317,317,no
PaToH-S,uk.hgr,no,4,32,0.03,0,0.012,km1,315,315,no
PaToH-S,uk.hgr,no,5,32,0.03,0,0.012,km1,322,322,no
PaToH-S,uk.hgr,no,1,64,0.03,0.00934579439252,0.016,km1,536,536,no
PaToH-S,uk.hgr,no,2,64,0.03,0,0.016,km1,536,536,no
PaToH-S,uk.hgr,no,3,64,0.03,0,0.016,km1,541,541,no
PaToH-S,uk.hgr,no,4,64,0.03,0,0.015,km1,506,506,no
PaToH-S,uk.hgr,no,5,64,0.03,0,0.016,km1,541,541,no
PaToH-S,uk.hgr,no,1,128,0.03,0,0.021,km1,819,819,no
PaToH-S,uk.hgr,no,2,128,0.03,0,0.02,km1,826,826,no
PaToH-S,uk.hgr,no,3,128,0.03,0,0.021,km1,814,814,no
PaToH-S,uk.hgr,no,4,128,0.03,0,0.022,km1,827,827,no
PaToH-S,uk.hgr,no,5,128,0.03,0,0.021,km1,812,812,no
PaToH-S,vibrobox.hgr,no,1,2,0.03,0,0.15,km1,1205,1205,no
PaToH-S,vibrobox.hgr,no,2,2,0.03,0,0.148,km1,1140,1140,no
PaToH-S,vibrobox.hgr,no,3,2,0.03,0,0.152,km1,1176,1176,no
PaToH-S,vibrobox.hgr,no,4,2,0.03,0,0.148,km1,1169,1169,no
PaToH-S,vibrobox.hgr,no,5,2,0.03,0,0.149,km1,1226,1226,no
PaToH-S,vibrobox.hgr,no,1,4,0.03,0,0.272,km1,2452,2452,no
PaToH-S,vibrobox.hgr,no,2,4,0.03,0,0.273,km1,2355,2355,no
PaToH-S,vibrobox.hgr,no,3,4,0.03,0,0.274,km1,2462,2462,no
PaToH-S,vibrobox.hgr,no,4,4,0.03,0,0.274,km1,2368,2368,no
PaToH-S,vibrobox.hgr,no,5,4,0.03,0,0.274,km1,2477,2477,no
PaToH-S,vibrobox.hgr,no,1,8,0.03,0,0.392,km1,3609,3609,no
PaToH-S,vibrobox.hgr,no,2,8,0.03,0,0.392,km1,3528,3528,no
PaToH-S,vibrobox.hgr,no,3,8,0.03,0,0.39,km1,3682,3682,no
PaToH-S,vibrobox.hgr,no,4,8,0.03,0,0.388,km1,3796,3796,no
PaToH-S,vibrobox.hgr,no,5,8,0.03,0,0.391,km1,3743,3743,no
PaToH-S,vibrobox.hgr,no,1,16,0.03,0,0.5,km1,5323,5323,no
PaToH-S,vibrobox.hgr,no,2,16,0.03,0,0.502,km1,5240,5240,no
PaToH-S,vibrobox.hgr,no,3,16,0.03,0,0.5,km1,5237,5237,no
PaToH-S,vibrobox.hgr,no,4,16,0.03,0,0.497,km1,5429,5429,no
PaToH-S,vibrobox.hgr,no,5,16,0.03,0,0.497,km1,5292,5292,no
PaToH-S,vibrobox.hgr,no,1,32,0.03,0,0.603,km1,7135,7135,no
PaToH-S,vibrobox.hgr,no,2,32,0.03,0,0.602,km1,6992,6992,no
PaToH-S,vibrobox.hgr,no,3,32,0.03,0,0.607,km1,7007,7007,no
PaToH-S,vibrobox.hgr,no,4,32,0.03,0,0.603,km1,7141,7141,no
PaToH-S,vibrobox.hgr,no,5,32,0.03,0,0.603,km1,6610,6610,no
PaToH-S,vibrobox.hgr,no,1,64,0.03,0,0.701,km1,9551,9551,no
PaToH-S,vibrobox.hgr,no,2,64,0.03,0,0.702,km1,9574,9574,no
PaToH-S,vibrobox.hgr,no,3,64,0.03,0,0.702,km1,9228,9228,no
PaToH-S,vibrobox.hgr,no,4,64,0.03,0,0.701,km1,9459,9459,no
PaToH-S,vibrobox.hgr,no,5,64,0.03,0,0.703,km1,9432,9432,no
PaToH-S,vibrobox.hgr,no,1,128,0.03,0,0.8,km1,12736,12736,no
PaToH-S,vibrobox.hgr,no,2,128,0.03,0,0.798,km1,12774,12774,no
PaToH-S,vibrobox.hgr,no,3,128,0.03,0,0.806,km1,12644,12644,no
PaToH-S,vibrobox.hgr,no,4,128,0.03,0.0015479876161,0.796,km1,13066,13066,no
PaToH-S,vibrobox.hgr,no,5,128,0.03,0,0.802,km1,12331,12331,no
PaToH-S,wave.hgr,no,1,2,0.03,0,0.877,km1,2368,2368,no
PaToH-S,wave.hgr,no,2,2,0.03,0,0.865,km1,2458,2458,no
PaToH-S,wave.hgr,no,3,2,0.03,0,0.881,km1,2400,2400,no
PaToH-S,wave.hgr,no,4,2,0.03,0,0.875,km1,2473,2473,no
PaToH-S,wave.hgr,no,5,2,0.03,0,0.867,km1,2359,2359,no
PaToH-S,wave.hgr,no,1,4,0.03,0,1.583,km1,5800,5800,no
PaToH-S,wave.hgr,no,2,4,0.03,0,1.596,km1,5779,5779,no
PaToH-S,wave.hgr,no,3,4,0.03,0,1.591,km1,5712,5712,no
PaToH-S,wave.hgr,no,4,4,0.03,0,1.595,km1,5657,5657,no
PaToH-S,wave.hgr,no,5,4,0.03,0,1.594,km1,5621,5621,no
PaToH-S,wave.hgr,no,1,8,0.03,0,2.222,km1,9294,9294,no
PaToH-S,wave.hgr,no,2,8,0.03,0,2.242,km1,9957,9957,no
PaToH-S,wave.hgr,no,3,8,0.03,0,2.247,km1,10355,10355,no
PaToH-S,wave.hgr,no,4,8,0.03,0,2.22,km1,9516,9516,no
PaToH-S,wave.hgr,no,5,8,0.03,0,2.239,km1,9369,9369,no
PaToH-S,wave.hgr,no,1,16,0.03,0,2.836,km1,14438,14438,no
PaToH-S,wave.hgr,no,2,16,0.03,0,2.802,km1,14253,14253,no
PaToH-S,wave.hgr,no,3,16,0.03,0,2.825,km1,14359,14359,no
PaToH-S,wave.hgr,no,4,16,0.03,0,2.814,km1,14213,14213,no
PaToH-S,wave.hgr,no,5,16,0.03,0,2.807,km1,14845,14845,no
PaToH-S,wave.hgr,no,1,32,0.03,0,3.36,km1,20913,20913,no
PaToH-S,wave.hgr,no,2,32,0.03,0,3.443,km1,20563,20563,no
PaToH-S,wave.hgr,no,3,32,0.03,0,3.353,km1,20851,20851,no
PaToH-S,wave.hgr,no,4,32,0.03,0,3.372,km1,20843,20843,no
PaToH-S,wave.hgr,no,5,32,0.03,0,3.362,km1,20410,20410,no
PaToH-S,wave.hgr,no,1,64,0.03,0,3.855,km1,28594,28594,no
PaToH-S,wave.hgr,no,2,64,0.03,0,3.877,km1,28943,28943,no
PaToH-S,wave.hgr,no,3,64,0.03,0,3.892,km1,28562,28562,no
PaToH-S,wave.hgr,no,4,64,0.03,0,3.859,km1,28531,28531,no
PaToH-S,wave.hgr,no,5,64,0.03,0,3.88,km1,28735,28735,no
PaToH-S,wave.hgr,no,1,128,0.03,0,4.395,km1,39024,39024,no
PaToH-S,wave.hgr,no,2,128,0.03,0,4.369,km1,39008,39008,no
PaToH-S,wave.hgr,no,3,128,0.03,0,4.383,km1,39134,39134,no
PaToH-S,wave.hgr,no,4,128,0.03,0,4.395,km1,38959,38959,no
PaToH-S,wave.hgr,no,5,128,0.03,0,4.364,km1,38872,38872,no
PaToH-S,whitaker3.hgr,no,1,2,0.03,0,0.011,km1,71,71,no
PaToH-S,whitaker3.hgr,no,2,2,0.03,0,0.011,km1,69,69,no
PaToH-S,whitaker3.hgr,no,3,2,0.03,0,0.011,km1,66,66,no
PaToH-S,whitaker3.hgr,no,4,2,0.03,0,0.011,km1,69,69,no
PaToH-S,whitaker3.hgr,no,5,2,0.03,0,0.011,km1,67,67,no
PaToH-S,whitaker3.hgr,no,1,4,0.03,0,0.02,km1,215,215,no
PaToH-S,whitaker3.hgr,no,2,4,0.03,0,0.021,km1,207,207,no
PaToH-S,whitaker3.hgr,no,3,4,0.03,0,0.021,km1,230,230,no
PaToH-S,whitaker3.hgr,no,4,4,0.03,0,0.02,km1,210,210,no
PaToH-S,whitaker3.hgr,no,5,4,0.03,0,0.021,km1,201,201,no
PaToH-S,whitaker3.hgr,no,1,8,0.03,0,0.03,km1,400,400,no
PaToH-S,whitaker3.hgr,no,2,8,0.03,0,0.031,km1,381,381,no
PaToH-S,whitaker3.hgr,no,3,8,0.03,0.00634657836645,0.03,km1,389,389,no
PaToH-S,whitaker3.hgr,no,4,8,0.03,0,0.031,km1,414,414,no
PaToH-S,whitaker3.hgr,no,5,8,0.03,0,0.03,km1,394,394,no
PaToH-S,whitaker3.hgr,no,1,16,0.03,0,0.041,km1,631,631,no
PaToH-S,whitaker3.hgr,no,2,16,0.03,0,0.041,km1,650,650,no
PaToH-S,whitaker3.hgr,no,3,16,0.03,0,0.041,km1,655,655,no
PaToH-S,whitaker3.hgr,no,4,16,0.03,0.00331125827815,0.041,km1,633,633,no
PaToH-S,whitaker3.hgr,no,5,16,0.03,0,0.041,km1,630,630,no
PaToH-S,whitaker3.hgr,no,1,32,0.03,0,0.053,km1,997,997,no
PaToH-S,whitaker3.hgr,no,2,32,0.03,0,0.053,km1,996,996,no
PaToH-S,whitaker3.hgr,no,3,32,0.03,0,0.054,km1,1019,1019,no
PaToH-S,whitaker3.hgr,no,4,32,0.03,0.00220750551876,0.053,km1,996,996,no
PaToH-S,whitaker3.hgr,no,5,32,0.03,0,0.053,km1,984,984,no
PaToH-S,whitaker3.hgr,no,1,64,0.03,0.00220750551876,0.067,km1,1536,1536,no
PaToH-S,whitaker3.hgr,no,2,64,0.03,0.00441501103753,0.067,km1,1525,1525,no
PaToH-S,whitaker3.hgr,no,3,64,0.03,0,0.066,km1,1537,1537,no
PaToH-S,whitaker3.hgr,no,4,64,0.03,0.00220750551876,0.067,km1,1514,1514,no
PaToH-S,whitaker3.hgr,no,5,64,0.03,0,0.066,km1,1506,1506,no
PaToH-S,whitaker3.hgr,no,1,128,0.03,0.00440528634361,0.079,km1,2294,2294,no
PaToH-S,whitaker3.hgr,no,2,128,0.03,0,0.08,km1,2322,2322,no
PaToH-S,whitaker3.hgr,no,3,128,0.03,0,0.079,km1,2287,2287,no
PaToH-S,whitaker3.hgr,no,4,128,0.03,0,0.079,km1,2296,2296,no
PaToH-S,whitaker3.hgr,no,5,128,0.03,0,0.079,km1,2300,2300,no
PaToH-S,wing_nodal.hgr,no,1,2,0.03,0,0.052,km1,518,518,no
PaToH-S,wing_nodal.hgr,no,2,2,0.03,0,0.051,km1,526,526,no
PaToH-S,wing_nodal.hgr,no,3,2,0.03,0,0.051,km1,519,519,no
PaToH-S,wing_nodal.hgr,no,4,2,0.03,0,0.051,km1,566,566,no
PaToH-S,wing_nodal.hgr,no,5,2,0.03,0,0.051,km1,513,513,no
PaToH-S,wing_nodal.hgr,no,1,4,0.03,0,0.093,km1,1130,1130,no
PaToH-S,wing_nodal.hgr,no,2,4,0.03,0,0.093,km1,1159,1159,no
PaToH-S,wing_nodal.hgr,no,3,4,0.03,0,0.092,km1,1157,1157,no
PaToH-S,wing_nodal.hgr,no,4,4,0.03,0,0.092,km1,1208,1208,no
PaToH-S,wing_nodal.hgr,no,5,4,0.03,0,0.092,km1,1167,1167,no
PaToH-S,wing_nodal.hgr,no,1,8,0.03,0,0.132,km1,1860,1860,no
PaToH-S,wing_nodal.hgr,no,2,8,0.03,0,0.131,km1,1897,1897,no
PaToH-S,wing_nodal.hgr,no,3,8,0.03,0,0.131,km1,1806,1806,no
PaToH-S,wing_nodal.hgr,no,4,8,0.03,0,0.131,km1,1866,1866,no
PaToH-S,wing_nodal.hgr,no,5,8,0.03,0,0.132,km1,1818,1818,no
PaToH-S,wing_nodal.hgr,no,1,16,0.03,0,0.17,km1,2852,2852,no
PaToH-S,wing_nodal.hgr,no,2,16,0.03,0,0.17,km1,2898,2898,no
PaToH-S,wing_nodal.hgr,no,3,16,0.03,0,0.171,km1,2840,2840,no
PaToH-S,wing_nodal.hgr,no,4,16,0.03,0,0.17,km1,2882,2882,no
PaToH-S,wing_nodal.hgr,no,5,16,0.03,0,0.17,km1,2890,2890,no
PaToH-S,wing_nodal.hgr,no,1,32,0.03,0,0.209,km1,4172,4172,no
PaToH-S,wing_nodal.hgr,no,2,32,0.03,0,0.21,km1,4208,4208,no
PaToH-S,wing_nodal.hgr,no,3,32,0.03,0,0.209,km1,4164,4164,no
PaToH-S,wing_nodal.hgr,no,4,32,0.03,0,0.209,km1,4119,4119,no
PaToH-S,wing_nodal.hgr,no,5,32,0.03,0,0.21,km1,4186,4186,no
PaToH-S,wing_nodal.hgr,no,1,64,0.03,0,0.25,km1,5795,5795,no
PaToH-S,wing_nodal.hgr,no,2,64,0.03,0,0.251,km1,5769,5769,no
PaToH-S,wing_nodal.hgr,no,3,64,0.03,0,0.251,km1,5634,5634,no
PaToH-S,wing_nodal.hgr,no,4,64,0.03,0,0.254,km1,5784,5784,no
PaToH-S,wing_nodal.hgr,no,5,64,0.03,0,0.251,km1,5818,5818,no
PaToH-S,wing_nodal.hgr,no,1,128,0.03,0,0.295,km1,8052,8052,no
PaToH-S,wing_nodal.hgr,no,2,128,0.03,0,0.295,km1,8008,8008,no
PaToH-S,wing_nodal.hgr,no,3,128,0.03,0.00169491525424,0.295,km1,8035,8035,no
PaToH-S,wing_nodal.hgr,no,4,128,0.03,0,0.31,km1,8112,8112,no
PaToH-S,wing_nodal.hgr,no,5,128,0.03,0.00169491525424,0.293,km1,7993,7993,no
PaToH-S,wing.hgr,no,1,2,0.03,0,0.071,km1,797,797,no
PaToH-S,wing.hgr,no,2,2,0.03,0,0.072,km1,745,745,no
PaToH-S,wing.hgr,no,3,2,0.03,0,0.07,km1,727,727,no
PaToH-S,wing.hgr,no,4,2,0.03,0.00197459356283,0.072,km1,704,704,no
PaToH-S,wing.hgr,no,5,2,0.03,0.004656749819,0.071,km1,697,697,no
PaToH-S,wing.hgr,no,1,4,0.03,0,0.125,km1,1568,1568,no
PaToH-S,wing.hgr,no,2,4,0.03,0,0.126,km1,1601,1601,no
PaToH-S,wing.hgr,no,3,4,0.03,0,0.125,km1,1667,1667,no
PaToH-S,wing.hgr,no,4,4,0.03,0,0.124,km1,1682,1682,no
PaToH-S,wing.hgr,no,5,4,0.03,0,0.126,km1,1762,1762,no
PaToH-S,wing.hgr,no,1,8,0.03,0,0.174,km1,2456,2456,no
PaToH-S,wing.hgr,no,2,8,0.03,0.00052655828342,0.174,km1,2345,2345,no
PaToH-S,wing.hgr,no,3,8,0.03,0,0.173,km1,2429,2429,no
PaToH-S,wing.hgr,no,4,8,0.03,0.00566050154677,0.173,km1,2430,2430,no
PaToH-S,wing.hgr,no,5,8,0.03,0,0.173,km1,2382,2382,no
PaToH-S,wing.hgr,no,1,16,0.03,0.00157957088324,0.231,km1,3751,3751,no
PaToH-S,wing.hgr,no,2,16,0.03,0.000131630906937,0.221,km1,3666,3666,no
PaToH-S,wing.hgr,no,3,16,0.03,0.000263261813874,0.22,km1,3765,3765,no
PaToH-S,wing.hgr,no,4,16,0.03,0.00342240358036,0.22,km1,3742,3742,no
PaToH-S,wing.hgr,no,5,16,0.03,0.00368566539423,0.22,km1,3771,3771,no
PaToH-S,wing.hgr,no,1,32,0.03,0.00315872598052,0.27,km1,5517,5517,no
PaToH-S,wing.hgr,no,2,32,0.03,0.00236904448539,0.27,km1,5445,5445,no
PaToH-S,wing.hgr,no,3,32,0.03,0,0.269,km1,5472,5472,no
PaToH-S,wing.hgr,no,4,32,0.03,0.00210581732035,0.271,km1,5470,5470,no
PaToH-S,wing.hgr,no,5,32,0.03,0.00263227165043,0.269,km1,5432,5432,no
PaToH-S,wing.hgr,no,1,64,0.03,0.00263157894737,0.336,km1,7504,7504,no
PaToH-S,wing.hgr,no,2,64,0.03,0.00368421052632,0.322,km1,7464,7464,no
PaToH-S,wing.hgr,no,3,64,0.03,0.00157894736842,0.323,km1,7436,7436,no
PaToH-S,wing.hgr,no,4,64,0.03,0.00263157894737,0.321,km1,7526,7526,no
PaToH-S,wing.hgr,no,5,64,0.03,0.00315789473684,0.322,km1,7527,7527,no
PaToH-S,wing.hgr,no,1,128,0.03,0.00421052631579,0.376,km1,9950,9950,no
PaToH-S,wing.hgr,no,2,128,0.03,0.00421052631579,0.376,km1,9915,9915,no
PaToH-S,wing.hgr,no,3,128,0.03,0.00105263157895,0.376,km1,9929,9929,no
PaToH-S,wing.hgr,no,4,128,0.03,0.00210526315789,0.373,km1,9919,9919,no
PaToH-S,wing.hgr,no,5,128,0.03,0.00210526315789,0.376,km1,9882,9882,no
